CHINESE YUAN TO US $ (WMR) - BID SPOT,CHINESE YUAN TO US $ (WMR) - EXCHANGE RATE,CHINESE YUAN TO US $ (WMR) - SPOT OFFERED
CHIYUA$(EB),CHIYUA$(ER),CHIYUA$(EO)
8.2764,8.2764,8.2764
8.2765,8.2765,8.2765
8.2765,8.2765,8.2765
8.2765,8.2765,8.2765
8.2764,8.2764,8.2764
8.2765,8.2765,8.2765
8.2764,8.2764,8.2764
8.2764,8.2764,8.2764
8.2765,8.2765,8.2765
8.2764,8.2764,8.2764
8.2764,8.2764,8.2764
8.2765,8.2765,8.2765
8.2763,8.2763,8.2763
8.2764,8.2764,8.2764
8.2765,8.2765,8.2765
8.2764,8.2764,8.2764
8.2765,8.2765,8.2765
8.2765,8.2765,8.2765
8.2765,8.2765,8.2765
8.2765,8.2765,8.2765
8.2765,8.2765,8.2765
8.2765,8.2765,8.2765
8.2764,8.2764,8.2764
8.2765,8.2765,8.2765
8.2764,8.2764,8.2764
8.2765,8.2765,8.2765
8.2764,8.2764,8.2764
8.2765,8.2765,8.2765
8.2765,8.2765,8.2765
8.2764,8.2764,8.2764
8.2764,8.2764,8.2764
8.2764,8.2764,8.2764
8.2765,8.2765,8.2765
8.2765,8.2765,8.2765
8.2765,8.2765,8.2765
8.2764,8.2764,8.2764
8.2763,8.2763,8.2763
8.2767,8.2767,8.2767
8.2765,8.2765,8.2765
8.2764,8.2764,8.2764
8.2764,8.2764,8.2764
8.2765,8.2765,8.2765
8.2764,8.2764,8.2764
8.2764,8.2764,8.2764
8.2764,8.2764,8.2764
8.2765,8.2765,8.2765
8.2764,8.2764,8.2764
8.2764,8.2764,8.2764
8.2765,8.2765,8.2765
8.2765,8.2765,8.2765
8.2765,8.2765,8.2765
8.2765,8.2765,8.2765
8.2765,8.2765,8.2765
8.2765,8.2765,8.2765
8.2764,8.2764,8.2764
8.2765,8.2765,8.2765
8.2765,8.2765,8.2765
8.2764,8.2764,8.2764
8.2765,8.2765,8.2765
8.2764,8.2764,8.2764
8.2764,8.2764,8.2764
8.2764,8.2764,8.2764
8.2764,8.2764,8.2764
8.2765,8.2765,8.2765
8.2765,8.2765,8.2765
8.2765,8.2765,8.2765
8.2765,8.2765,8.2765
8.2765,8.2765,8.2765
8.2764,8.2764,8.2764
8.2765,8.2765,8.2765
8.2763,8.2763,8.2763
8.2765,8.2765,8.2765
8.2765,8.2765,8.2765
8.2764,8.2764,8.2764
8.11,8.11,8.11
8.1111,8.1111,8.1111
8.1097,8.1097,8.1097
8.1099,8.1099,8.1099
8.1128,8.1128,8.1128
8.108,8.108,8.108
8.1056,8.1056,8.1056
8.1046,8.1046,8.1046
8.1032,8.1032,8.1032
8.1051,8.1051,8.1051
8.1027,8.1027,8.1027
8.1037,8.1037,8.1037
8.109,8.109,8.109
8.107,8.107,8.107
8.1062,8.1062,8.1062
8.1002,8.1002,8.1002
8.098,8.098,8.098
8.0971,8.0971,8.0971
8.1002,8.1002,8.1002
8.0997,8.0997,8.0997
8.1007,8.1007,8.1007
8.1047,8.1047,8.1047
8.1056,8.1056,8.1056
8.1012,8.1012,8.1012
8.1005,8.1005,8.1005
8.1002,8.1002,8.1002
8.0965,8.0965,8.0965
8.0954,8.0954,8.0954
8.0973,8.0973,8.0973
8.0998,8.0998,8.0998
8.0949,8.0949,8.0949
8.0935,8.0935,8.0935
8.0916,8.0916,8.0916
8.0913,8.0913,8.0913
8.0925,8.0925,8.0925
8.0945,8.0945,8.0945
8.0956,8.0956,8.0956
8.0924,8.0924,8.0924
8.094,8.094,8.094
8.0912,8.0912,8.0912
8.0887,8.0887,8.0887
8.0871,8.0871,8.0871
8.0906,8.0906,8.0906
8.089,8.089,8.089
8.0912,8.0912,8.0912
8.0881,8.0881,8.0881
8.091,8.091,8.091
8.0929,8.0929,8.0929
8.092,8.092,8.092
8.0939,8.0939,8.0939
8.093,8.093,8.093
8.092,8.092,8.092
8.092,8.092,8.092
8.092,8.092,8.092
8.092,8.092,8.092
8.092,8.092,8.092
8.092,8.092,8.092
8.0864,8.0864,8.0864
8.0879,8.0879,8.0879
8.0895,8.0895,8.0895
8.0885,8.0885,8.0885
8.0896,8.0896,8.0896
8.0877,8.0877,8.0877
8.091,8.091,8.091
8.0924,8.0924,8.0924
8.0905,8.0905,8.0905
8.0885,8.0885,8.0885
8.0916,8.0916,8.0916
8.0901,8.0901,8.0901
8.0867,8.0867,8.0867
8.0862,8.0862,8.0862
8.084,8.084,8.084
8.0845,8.0845,8.0845
8.086,8.086,8.086
8.0851,8.0851,8.0851
8.0841,8.0841,8.0841
8.0856,8.0856,8.0856
8.0877,8.0877,8.0877
8.0867,8.0867,8.0867
8.0857,8.0857,8.0857
8.0847,8.0847,8.0847
8.0856,8.0856,8.0856
8.0831,8.0831,8.0831
8.0845,8.0845,8.0845
8.0835,8.0835,8.0835
8.0845,8.0845,8.0845
8.0832,8.0832,8.0832
8.0833,8.0833,8.0833
8.0839,8.0839,8.0839
8.0816,8.0816,8.0816
8.0805,8.0805,8.0805
8.0815,8.0815,8.0815
8.0825,8.0825,8.0825
8.0796,8.0796,8.0796
8.0804,8.0804,8.0804
8.0798,8.0798,8.0798
8.0806,8.0806,8.0806
8.0808,8.0808,8.0808
8.078,8.078,8.078
8.0771,8.0771,8.0771
8.078,8.078,8.078
8.0765,8.0765,8.0765
8.077,8.077,8.077
8.0751,8.0751,8.0751
8.0746,8.0746,8.0746
8.074,8.074,8.074
8.0735,8.0735,8.0735
8.073,8.073,8.073
8.074,8.074,8.074
8.0765,8.0765,8.0765
8.0775,8.0775,8.0775
8.0762,8.0762,8.0762
8.0762,8.0762,8.0762
8.074,8.074,8.074
8.0725,8.0725,8.0725
8.0709,8.0709,8.0709
8.0702,8.0702,8.0702
8.0702,8.0702,8.0702
8.0702,8.0702,8.0702
8.0676,8.0676,8.0676
8.0657,8.0657,8.0657
8.0668,8.0668,8.0668
8.0641,8.0641,8.0641
8.0657,8.0657,8.0657
8.0682,8.0682,8.0682
8.0659,8.0659,8.0659
8.0683,8.0683,8.0683
8.066,8.066,8.066
8.0665,8.0665,8.0665
8.0685,8.0685,8.0685
8.0673,8.0673,8.0673
8.0601,8.0601,8.0601
8.0647,8.0647,8.0647
8.0614,8.0614,8.0614
8.0619,8.0619,8.0619
8.062,8.062,8.062
8.0616,8.0616,8.0616
8.0616,8.0616,8.0616
8.0616,8.0616,8.0616
8.0616,8.0616,8.0616
8.0616,8.0616,8.0616
8.0616,8.0616,8.0616
8.0555,8.0555,8.0555
8.0566,8.0566,8.0566
8.0545,8.0545,8.0545
8.0537,8.0537,8.0537
8.0505,8.0505,8.0505
8.0458,8.0458,8.0458
8.0485,8.0485,8.0485
8.0469,8.0469,8.0469
8.0494,8.0494,8.0494
8.0483,8.0483,8.0483
8.0475,8.0475,8.0475
8.0465,8.0465,8.0465
8.0475,8.0475,8.0475
8.048,8.048,8.048
8.0424,8.0424,8.0424
8.0407,8.0407,8.0407
8.0402,8.0402,8.0402
8.0369,8.0369,8.0369
8.0366,8.0366,8.0366
8.0367,8.0367,8.0367
8.0365,8.0365,8.0365
8.0424,8.0424,8.0424
8.0481,8.0481,8.0481
8.049,8.049,8.049
8.0505,8.0505,8.0505
8.0505,8.0505,8.0505
8.0473,8.0473,8.0473
8.0377,8.0377,8.0377
8.039,8.039,8.039
8.0316,8.0316,8.0316
8.0241,8.0241,8.0241
8.0277,8.0277,8.0277
8.0282,8.0282,8.0282
8.0277,8.0277,8.0277
8.03,8.03,8.03
8.0214,8.0214,8.0214
8.0206,8.0206,8.0206
8.0259,8.0259,8.0259
8.0268,8.0268,8.0268
8.0172,8.0172,8.0172
8.0199,8.0199,8.0199
8.016,8.016,8.016
8.0087,8.0087,8.0087
8.008,8.008,8.008
8.0111,8.0111,8.0111
8.0064,8.0064,8.0064
8.005,8.005,8.005
8.012,8.012,8.012
8.0185,8.0185,8.0185
8.0185,8.0185,8.0185
8.0205,8.0205,8.0205
8.024,8.024,8.024
8.0135,8.0135,8.0135
8.0115,8.0115,8.0115
8.017,8.017,8.017
8.015,8.015,8.015
8.014,8.014,8.014
8.0183,8.0183,8.0183
8.0161,8.0161,8.0161
8.014,8.014,8.014
8.014,8.014,8.014
8.014,8.014,8.014
8.014,8.014,8.014
8.014,8.014,8.014
8.014,8.014,8.014
8.007,8.007,8.007
8.0044,8.0044,8.0044
8.0037,8.0037,8.0037
8.0041,8.0041,8.0041
8.0061,8.0061,8.0061
8.003,8.003,8.003
8.003,8.003,8.003
8.0025,8.0025,8.0025
8.01,8.01,8.01
8.022,8.022,8.022
8.026,8.026,8.026
8.024,8.024,8.024
8.0265,8.0265,8.0265
8.024,8.024,8.024
8.025,8.025,8.025
8.0211,8.0211,8.0211
8.032,8.032,8.032
8.0175,8.0175,8.0175
8.0204,8.0204,8.0204
8.023,8.023,8.023
8.0077,8.0077,8.0077
8.0141,8.0141,8.0141
8.0172,8.0172,8.0172
8.0089,8.0089,8.0089
8.0112,8.0112,8.0112
8.0188,8.0188,8.0188
8.0035,8.0035,8.0035
8.0005,8.0005,8.0005
8.0015,8.0015,8.0015
8.002,8.002,8.002
8.006,8.006,8.006
8.0029,8.0029,8.0029
7.997,7.997,7.997
7.9964,7.9964,7.9964
8.0002,8.0002,8.0002
8.002,8.002,8.002
7.9983,7.9983,7.9983
7.9984,7.9984,7.9984
7.9955,7.9955,7.9955
7.9943,7.9943,7.9943
8.0027,8.0027,8.0027
7.9995,7.9995,7.9995
7.9958,7.9958,7.9958
7.9925,7.9925,7.9925
7.9859,7.9859,7.9859
7.99,7.99,7.99
7.9911,7.9911,7.9911
7.9917,7.9917,7.9917
7.9924,7.9924,7.9924
7.998,7.998,7.998
8.0048,8.0048,8.0048
7.9982,7.9982,7.9982
8.0028,8.0028,8.0028
7.992,7.992,7.992
7.982,7.982,7.982
7.9871,7.9871,7.9871
7.9872,7.9872,7.9872
7.9847,7.9847,7.9847
7.9748,7.9748,7.9748
7.9705,7.9705,7.9705
7.969,7.969,7.969
7.9746,7.9746,7.9746
7.9713,7.9713,7.9713
7.9768,7.9768,7.9768
7.9784,7.9784,7.9784
7.9689,7.9689,7.9689
7.9732,7.9732,7.9732
7.9772,7.9772,7.9772
7.971,7.971,7.971
7.976,7.976,7.976
7.979,7.979,7.979
8.0015,8.0015,8.0015
7.9885,7.9885,7.9885
7.9686,7.9686,7.9686
7.9745,7.9745,7.9745
7.9656,7.9656,7.9656
7.9664,7.9664,7.9664
7.9699,7.9699,7.9699
7.9725,7.9725,7.9725
7.9763,7.9763,7.9763
7.9707,7.9707,7.9707
7.9622,7.9622,7.9622
7.9587,7.9587,7.9587
7.9527,7.9527,7.9527
7.9532,7.9532,7.9532
7.9385,7.9385,7.9385
7.9488,7.9488,7.9488
7.9443,7.9443,7.9443
7.941,7.941,7.941
7.9485,7.9485,7.9485
7.9542,7.9542,7.9542
7.9465,7.9465,7.9465
7.9486,7.9486,7.9486
7.946,7.946,7.946
7.943,7.943,7.943
7.9468,7.9468,7.9468
7.9363,7.9363,7.9363
7.9265,7.9265,7.9265
7.9233,7.9233,7.9233
7.9195,7.9195,7.9195
7.9212,7.9212,7.9212
7.9105,7.9105,7.9105
7.902,7.902,7.902
7.8965,7.8965,7.8965
7.9041,7.9041,7.9041
7.9041,7.9041,7.9041
7.9041,7.9041,7.9041
7.9041,7.9041,7.9041
7.9041,7.9041,7.9041
7.9041,7.9041,7.9041
7.8995,7.8995,7.8995
7.9112,7.9112,7.9112
7.9149,7.9149,7.9149
7.9148,7.9148,7.9148
7.9015,7.9015,7.9015
7.9098,7.9098,7.9098
7.9082,7.9082,7.9082
7.9077,7.9077,7.9077
7.9102,7.9102,7.9102
7.9025,7.9025,7.9025
7.8991,7.8991,7.8991
7.9025,7.9025,7.9025
7.902,7.902,7.902
7.8959,7.8959,7.8959
7.8896,7.8896,7.8896
7.8738,7.8738,7.8738
7.879,7.879,7.879
7.8724,7.8724,7.8724
7.8735,7.8735,7.8735
7.8716,7.8716,7.8716
7.8811,7.8811,7.8811
7.8745,7.8745,7.8745
7.8661,7.8661,7.8661
7.8665,7.8665,7.8665
7.8645,7.8645,7.8645
7.8667,7.8667,7.8667
7.8669,7.8669,7.8669
7.8687,7.8687,7.8687
7.8715,7.8715,7.8715
7.8718,7.8718,7.8718
7.874,7.874,7.874
7.871,7.871,7.871
7.8647,7.8647,7.8647
7.862,7.862,7.862
7.8525,7.8525,7.8525
7.8436,7.8436,7.8436
7.84,7.84,7.84
7.8313,7.8313,7.8313
7.8334,7.8334,7.8334
7.836,7.836,7.836
7.8275,7.8275,7.8275
7.8218,7.8218,7.8218
7.8234,7.8234,7.8234
7.8236,7.8236,7.8236
7.8245,7.8245,7.8245
7.835,7.835,7.835
7.8308,7.8308,7.8308
7.8265,7.8265,7.8265
7.8185,7.8185,7.8185
7.8275,7.8275,7.8275
7.8202,7.8202,7.8202
7.8212,7.8212,7.8212
7.8152,7.8152,7.8152
7.817,7.817,7.817
7.8163,7.8163,7.8163
7.8163,7.8163,7.8163
7.82,7.82,7.82
7.8215,7.8215,7.8215
7.8141,7.8141,7.8141
7.8051,7.8051,7.8051
7.8051,7.8051,7.8051
7.8051,7.8051,7.8051
7.8051,7.8051,7.8051
7.809,7.809,7.809
7.8047,7.8047,7.8047
7.817,7.817,7.817
7.805,7.805,7.805
7.8071,7.8071,7.8071
7.7949,7.7949,7.7949
7.7984,7.7984,7.7984
7.7918,7.7918,7.7918
7.79,7.79,7.79
7.774,7.774,7.774
7.771,7.771,7.771
7.7739,7.7739,7.7739
7.7743,7.7743,7.7743
7.7781,7.7781,7.7781
7.7725,7.7725,7.7725
7.7705,7.7705,7.7705
7.7758,7.7758,7.7758
7.7745,7.7745,7.7745
7.775,7.775,7.775
7.7739,7.7739,7.7739
7.7585,7.7585,7.7585
7.756,7.756,7.756
7.7609,7.7609,7.7609
7.7555,7.7555,7.7555
7.748,7.748,7.748
7.7484,7.7484,7.7484
7.7476,7.7476,7.7476
7.757,7.757,7.757
7.7662,7.7662,7.7662
7.7575,7.7575,7.7575
7.7555,7.7555,7.7555
7.7426,7.7426,7.7426
7.7426,7.7426,7.7426
7.7426,7.7426,7.7426
7.7426,7.7426,7.7426
7.7426,7.7426,7.7426
7.7426,7.7426,7.7426
7.7535,7.7535,7.7535
7.7415,7.7415,7.7415
7.7405,7.7405,7.7405
7.7435,7.7435,7.7435
7.7465,7.7465,7.7465
7.75,7.75,7.75
7.7415,7.7415,7.7415
7.74,7.74,7.74
7.74,7.74,7.74
7.7445,7.7445,7.7445
7.752,7.752,7.752
7.743,7.743,7.743
7.738,7.738,7.738
7.744,7.744,7.744
7.736,7.736,7.736
7.736,7.736,7.736
7.7375,7.7375,7.7375
7.734,7.734,7.734
7.7266,7.7266,7.7266
7.728,7.728,7.728
7.7382,7.7382,7.7382
7.7334,7.7334,7.7334
7.7295,7.7295,7.7295
7.727,7.727,7.727
7.7302,7.7302,7.7302
7.734,7.734,7.734
7.7315,7.7315,7.7315
7.7325,7.7325,7.7325
7.7243,7.7243,7.7243
7.7243,7.7243,7.7243
7.734,7.734,7.734
7.735,7.735,7.735
7.725,7.725,7.725
7.726,7.726,7.726
7.7217,7.7217,7.7217
7.7331,7.7331,7.7331
7.7291,7.7291,7.7291
7.7218,7.7218,7.7218
7.7165,7.7165,7.7165
7.7179,7.7179,7.7179
7.7246,7.7246,7.7246
7.7261,7.7261,7.7261
7.7161,7.7161,7.7161
7.7263,7.7263,7.7263
7.7135,7.7135,7.7135
7.7039,7.7039,7.7039
7.7039,7.7039,7.7039
7.7039,7.7039,7.7039
7.7039,7.7039,7.7039
7.7039,7.7039,7.7039
7.7039,7.7039,7.7039
7.696,7.696,7.696
7.6935,7.6935,7.6935
7.6936,7.6936,7.6936
7.6766,7.6766,7.6766
7.6803,7.6803,7.6803
7.6868,7.6868,7.6868
7.682,7.682,7.682
7.6707,7.6707,7.6707
7.6686,7.6686,7.6686
7.6673,7.6673,7.6673
7.6547,7.6547,7.6547
7.653,7.653,7.653
7.6519,7.6519,7.6519
7.6527,7.6527,7.6527
7.6527,7.6527,7.6527
7.6497,7.6497,7.6497
7.6471,7.6471,7.6471
7.6466,7.6466,7.6466
7.6473,7.6473,7.6473
7.6512,7.6512,7.6512
7.6412,7.6412,7.6412
7.6358,7.6358,7.6358
7.6487,7.6487,7.6487
7.655,7.655,7.655
7.6632,7.6632,7.6632
7.6436,7.6436,7.6436
7.636,7.636,7.636
7.643,7.643,7.643
7.6254,7.6254,7.6254
7.6313,7.6313,7.6313
7.6175,7.6175,7.6175
7.618,7.618,7.618
7.6188,7.6188,7.6188
7.6207,7.6207,7.6207
7.6194,7.6194,7.6194
7.6159,7.6159,7.6159
7.6188,7.6188,7.6188
7.6151,7.6151,7.6151
7.6132,7.6132,7.6132
7.6047,7.6047,7.6047
7.5944,7.5944,7.5944
7.5947,7.5947,7.5947
7.5984,7.5984,7.5984
7.601,7.601,7.601
7.6015,7.6015,7.6015
7.581,7.581,7.581
7.5631,7.5631,7.5631
7.5673,7.5673,7.5673
7.5695,7.5695,7.5695
7.5678,7.5678,7.5678
7.5629,7.5629,7.5629
7.564,7.564,7.564
7.5632,7.5632,7.5632
7.574,7.574,7.574
7.562,7.562,7.562
7.5625,7.5625,7.5625
7.5581,7.5581,7.5581
7.5655,7.5655,7.5655
7.5623,7.5623,7.5623
7.5674,7.5674,7.5674
7.5724,7.5724,7.5724
7.5704,7.5704,7.5704
7.5718,7.5718,7.5718
7.568,7.568,7.568
7.561,7.561,7.561
7.5703,7.5703,7.5703
7.5748,7.5748,7.5748
7.5646,7.5646,7.5646
7.574,7.574,7.574
7.5815,7.5815,7.5815
7.576,7.576,7.576
7.5858,7.5858,7.5858
7.604,7.604,7.604
7.5951,7.5951,7.5951
7.5871,7.5871,7.5871
7.5906,7.5906,7.5906
7.6,7.6,7.6
7.587,7.587,7.587
7.5666,7.5666,7.5666
7.5604,7.5604,7.5604
7.5565,7.5565,7.5565
7.5487,7.5487,7.5487
7.541,7.541,7.541
7.545,7.545,7.545
7.5443,7.5443,7.5443
7.5497,7.5497,7.5497
7.5497,7.5497,7.5497
7.5384,7.5384,7.5384
7.5395,7.5395,7.5395
7.5214,7.5214,7.5214
7.5232,7.5232,7.5232
7.5216,7.5216,7.5216
7.5105,7.5105,7.5105
7.516,7.516,7.516
7.5227,7.5227,7.5227
7.5228,7.5228,7.5228
7.5135,7.5135,7.5135
7.5145,7.5145,7.5145
7.5036,7.5036,7.5036
7.5106,7.5106,7.5106
7.5112,7.5112,7.5112
7.515,7.515,7.515
7.5148,7.5148,7.5148
7.5061,7.5061,7.5061
7.5061,7.5061,7.5061
7.5061,7.5061,7.5061
7.5061,7.5061,7.5061
7.5061,7.5061,7.5061
7.5061,7.5061,7.5061
7.5062,7.5062,7.5062
7.517,7.517,7.517
7.5115,7.5115,7.5115
7.5057,7.5057,7.5057
7.5125,7.5125,7.5125
7.5284,7.5284,7.5284
7.518,7.518,7.518
7.5154,7.5154,7.5154
7.5111,7.5111,7.5111
7.508,7.508,7.508
7.5086,7.5086,7.5086
7.5047,7.5047,7.5047
7.4926,7.4926,7.4926
7.482,7.482,7.482
7.4976,7.4976,7.4976
7.4745,7.4745,7.4745
7.4708,7.4708,7.4708
7.463,7.463,7.463
7.4543,7.4543,7.4543
7.4558,7.4558,7.4558
7.4551,7.4551,7.4551
7.453,7.453,7.453
7.4421,7.4421,7.4421
7.4207,7.4207,7.4207
7.4108,7.4108,7.4108
7.4123,7.4123,7.4123
7.4335,7.4335,7.4335
7.4253,7.4253,7.4253
7.4228,7.4228,7.4228
7.4257,7.4257,7.4257
7.4286,7.4286,7.4286
7.4218,7.4218,7.4218
7.411,7.411,7.411
7.4145,7.4145,7.4145
7.406,7.406,7.406
7.3969,7.3969,7.3969
7.384,7.384,7.384
7.3945,7.3945,7.3945
7.3824,7.3824,7.3824
7.4,7.4,7.4
7.4025,7.4025,7.4025
7.3985,7.3985,7.3985
7.388,7.388,7.388
7.4095,7.4095,7.4095
7.403,7.403,7.403
7.3952,7.3952,7.3952
7.3805,7.3805,7.3805
7.377,7.377,7.377
7.3692,7.3692,7.3692
7.3715,7.3715,7.3715
7.3873,7.3873,7.3873
7.3852,7.3852,7.3852
7.3768,7.3768,7.3768
7.3694,7.3694,7.3694
7.3696,7.3696,7.3696
7.3475,7.3475,7.3475
7.3475,7.3475,7.3475
7.3444,7.3444,7.3444
7.3175,7.3175,7.3175
7.3041,7.3041,7.3041
7.3041,7.3041,7.3041
7.3041,7.3041,7.3041
7.2934,7.2934,7.2934
7.2725,7.2725,7.2725
7.273,7.273,7.273
7.269,7.269,7.269
7.2643,7.2643,7.2643
7.262,7.262,7.262
7.2719,7.2719,7.2719
7.262,7.262,7.262
7.2516,7.2516,7.2516
7.2421,7.2421,7.2421
7.2324,7.2324,7.2324
7.2485,7.2485,7.2485
7.2418,7.2418,7.2418
7.2365,7.2365,7.2365
7.2392,7.2392,7.2392
7.232,7.232,7.232
7.2288,7.2288,7.2288
7.2102,7.2102,7.2102
7.197,7.197,7.197
7.1945,7.1945,7.1945
7.1916,7.1916,7.1916
7.1818,7.1818,7.1818
7.189,7.189,7.189
7.1884,7.1884,7.1884
7.184,7.184,7.184
7.184,7.184,7.184
7.184,7.184,7.184
7.184,7.184,7.184
7.184,7.184,7.184
7.184,7.184,7.184
7.2,7.2,7.2
7.1904,7.1904,7.1904
7.1825,7.1825,7.1825
7.1623,7.1623,7.1623
7.158,7.158,7.158
7.1436,7.1436,7.1436
7.1413,7.1413,7.1413
7.1418,7.1418,7.1418
7.1522,7.1522,7.1522
7.158,7.158,7.158
7.142,7.142,7.142
7.1133,7.1133,7.1133
7.1115,7.1115,7.1115
7.1041,7.1041,7.1041
7.106,7.106,7.106
7.1081,7.1081,7.1081
7.1059,7.1059,7.1059
7.111,7.111,7.111
7.1029,7.1029,7.1029
7.1029,7.1029,7.1029
7.101,7.101,7.101
7.09,7.09,7.09
7.0894,7.0894,7.0894
7.083,7.083,7.083
7.0815,7.0815,7.0815
7.063,7.063,7.063
7.0516,7.0516,7.0516
7.0516,7.0516,7.0516
7.0555,7.0555,7.0555
7.0448,7.0448,7.0448
7.0318,7.0318,7.0318
7.0105,7.0105,7.0105
7.012,7.012,7.012
7.012,7.012,7.012
7.0116,7.0116,7.0116
7.0184,7.0184,7.0184
7.0158,7.0158,7.0158
7.0158,7.0158,7.0158
7.0015,7.0015,7.0015
7.0008,7.0008,7.0008
7.0017,7.0017,7.0017
6.9916,6.9916,6.9916
7.0065,7.0065,7.0065
6.999,6.999,6.999
6.9925,6.9925,6.9925
6.9918,6.9918,6.9918
6.9838,6.9838,6.9838
6.9935,6.9935,6.9935
7,7,7
6.9897,6.9897,6.9897
6.9827,6.9827,6.9827
6.997,6.997,6.997
7.01,7.01,7.01
7.0014,7.0014,7.0014
6.985,6.985,6.985
6.9875,6.9875,6.9875
6.9875,6.9875,6.9875
6.9875,6.9875,6.9875
6.9879,6.9879,6.9879
6.9873,6.9873,6.9873
6.9871,6.9871,6.9871
7.0052,7.0052,7.0052
6.9918,6.9918,6.9918
6.9882,6.9882,6.9882
6.9889,6.9889,6.9889
7.003,7.003,7.003
6.9946,6.9946,6.9946
6.989,6.989,6.989
6.9753,6.9753,6.9753
6.9735,6.9735,6.9735
6.9597,6.9597,6.9597
6.943,6.943,6.943
6.9417,6.9417,6.9417
6.9366,6.9366,6.9366
6.9559,6.9559,6.9559
6.9444,6.9444,6.9444
6.9381,6.9381,6.9381
6.942,6.942,6.942
6.933,6.933,6.933
6.925,6.925,6.925
6.939,6.939,6.939
6.9465,6.9465,6.9465
6.923,6.923,6.923
6.923,6.923,6.923
6.9255,6.9255,6.9255
6.9184,6.9184,6.9184
6.9075,6.9075,6.9075
6.9018,6.9018,6.9018
6.9004,6.9004,6.9004
6.8915,6.8915,6.8915
6.8821,6.8821,6.8821
6.8776,6.8776,6.8776
6.8801,6.8801,6.8801
6.874,6.874,6.874
6.8699,6.8699,6.8699
6.8653,6.8653,6.8653
6.8657,6.8657,6.8657
6.8622,6.8622,6.8622
6.8543,6.8543,6.8543
6.8561,6.8561,6.8561
6.853,6.853,6.853
6.851,6.851,6.851
6.8589,6.8589,6.8589
6.869,6.869,6.869
6.851,6.851,6.851
6.857,6.857,6.857
6.8428,6.8428,6.8428
6.834,6.834,6.834
6.845,6.845,6.845
6.8211,6.8211,6.8211
6.8113,6.8113,6.8113
6.8213,6.8213,6.8213
6.8169,6.8169,6.8169
6.83,6.83,6.83
6.8217,6.8217,6.8217
6.8297,6.8297,6.8297
6.8289,6.8289,6.8289
6.8189,6.8189,6.8189
6.841,6.841,6.841
6.8264,6.8264,6.8264
6.8272,6.8272,6.8272
6.8318,6.8318,6.8318
6.8425,6.8425,6.8425
6.8515,6.8515,6.8515
6.8556,6.8556,6.8556
6.8482,6.8482,6.8482
6.8614,6.8614,6.8614
6.8588,6.8588,6.8588
6.8577,6.8577,6.8577
6.8632,6.8632,6.8632
6.857,6.857,6.857
6.86,6.86,6.86
6.87,6.87,6.87
6.871,6.871,6.871
6.8655,6.8655,6.8655
6.8546,6.8546,6.8546
6.8442,6.8442,6.8442
6.8333,6.8333,6.8333
6.8481,6.8481,6.8481
6.845,6.845,6.845
6.838,6.838,6.838
6.8275,6.8275,6.8275
6.835,6.835,6.835
6.8256,6.8256,6.8256
6.8397,6.8397,6.8397
6.8434,6.8434,6.8434
6.8365,6.8365,6.8365
6.8422,6.8422,6.8422
6.8433,6.8433,6.8433
6.8381,6.8381,6.8381
6.8385,6.8385,6.8385
6.8465,6.8465,6.8465
6.845,6.845,6.845
6.845,6.845,6.845
6.849,6.849,6.849
6.837,6.837,6.837
6.834,6.834,6.834
6.835,6.835,6.835
6.83,6.83,6.83
6.8135,6.8135,6.8135
6.8237,6.8237,6.8237
6.817,6.817,6.817
6.8485,6.8485,6.8485
6.8485,6.8485,6.8485
6.8485,6.8485,6.8485
6.8485,6.8485,6.8485
6.8485,6.8485,6.8485
6.8485,6.8485,6.8485
6.843,6.843,6.843
6.8169,6.8169,6.8169
6.8171,6.8171,6.8171
6.8205,6.8205,6.8205
6.8357,6.8357,6.8357
6.8258,6.8258,6.8258
6.839,6.839,6.839
6.832,6.832,6.832
6.8297,6.8297,6.8297
6.834,6.834,6.834
6.8299,6.8299,6.8299
6.8337,6.8337,6.8337
6.8341,6.8341,6.8341
6.8354,6.8354,6.8354
6.8433,6.8433,6.8433
6.8523,6.8523,6.8523
6.839,6.839,6.839
6.847,6.847,6.847
6.838,6.838,6.838
6.8395,6.8395,6.8395
6.8381,6.8381,6.8381
6.836,6.836,6.836
6.8282,6.8282,6.8282
6.825,6.825,6.825
6.8255,6.8255,6.8255
6.8266,6.8266,6.8266
6.8251,6.8251,6.8251
6.8295,6.8295,6.8295
6.83,6.83,6.83
6.8242,6.8242,6.8242
6.8269,6.8269,6.8269
6.8284,6.8284,6.8284
6.8285,6.8285,6.8285
6.8345,6.8345,6.8345
6.8311,6.8311,6.8311
6.8284,6.8284,6.8284
6.826,6.826,6.826
6.8287,6.8287,6.8287
6.828,6.828,6.828
6.8349,6.8349,6.8349
6.8848,6.8848,6.8848
6.887,6.887,6.887
6.883,6.883,6.883
6.8817,6.8817,6.8817
6.8812,6.8812,6.8812
6.88,6.88,6.88
6.8735,6.8735,6.8735
6.8633,6.8633,6.8633
6.8513,6.8513,6.8513
6.8427,6.8427,6.8427
6.85,6.85,6.85
6.8465,6.8465,6.8465
6.8357,6.8357,6.8357
6.8295,6.8295,6.8295
6.8465,6.8465,6.8465
6.851,6.851,6.851
6.8485,6.8485,6.8485
6.8397,6.8397,6.8397
6.8397,6.8397,6.8397
6.8414,6.8414,6.8414
6.8527,6.8527,6.8527
6.8353,6.8353,6.8353
6.823,6.823,6.823
6.823,6.823,6.823
6.823,6.823,6.823
6.8312,6.8312,6.8312
6.836,6.836,6.836
6.834,6.834,6.834
6.8347,6.8347,6.8347
6.8356,6.8356,6.8356
6.837,6.837,6.837
6.8341,6.8341,6.8341
6.8352,6.8352,6.8352
6.8363,6.8363,6.8363
6.8374,6.8374,6.8374
6.8359,6.8359,6.8359
6.8385,6.8385,6.8385
6.8378,6.8378,6.8378
6.8371,6.8371,6.8371
6.838,6.838,6.838
6.838,6.838,6.838
6.838,6.838,6.838
6.838,6.838,6.838
6.838,6.838,6.838
6.838,6.838,6.838
6.8487,6.8487,6.8487
6.8403,6.8403,6.8403
6.834,6.834,6.834
6.8367,6.8367,6.8367
6.8344,6.8344,6.8344
6.8338,6.8338,6.8338
6.8326,6.8326,6.8326
6.8333,6.8333,6.8333
6.8342,6.8342,6.8342
6.8335,6.8335,6.8335
6.834,6.834,6.834
6.8395,6.8395,6.8395
6.838,6.838,6.838
6.8354,6.8354,6.8354
6.8372,6.8372,6.8372
6.836,6.836,6.836
6.8373,6.8373,6.8373
6.8374,6.8374,6.8374
6.84,6.84,6.84
6.8398,6.8398,6.8398
6.8458,6.8458,6.8458
6.8413,6.8413,6.8413
6.8431,6.8431,6.8431
6.8407,6.8407,6.8407
6.84,6.84,6.84
6.84,6.84,6.84
6.8412,6.8412,6.8412
6.8404,6.8404,6.8404
6.8388,6.8388,6.8388
6.838,6.838,6.838
6.8381,6.8381,6.8381
6.8372,6.8372,6.8372
6.8347,6.8347,6.8347
6.8285,6.8285,6.8285
6.8277,6.8277,6.8277
6.8331,6.8331,6.8331
6.8296,6.8296,6.8296
6.8309,6.8309,6.8309
6.832,6.832,6.832
6.8325,6.8325,6.8325
6.8366,6.8366,6.8366
6.8336,6.8336,6.8336
6.8343,6.8343,6.8343
6.8349,6.8349,6.8349
6.8348,6.8348,6.8348
6.8348,6.8348,6.8348
6.8368,6.8368,6.8368
6.8359,6.8359,6.8359
6.8347,6.8347,6.8347
6.8347,6.8347,6.8347
6.8352,6.8352,6.8352
6.832,6.832,6.832
6.8322,6.8322,6.8322
6.8326,6.8326,6.8326
6.8326,6.8326,6.8326
6.8336,6.8336,6.8336
6.8322,6.8322,6.8322
6.83,6.83,6.83
6.8299,6.8299,6.8299
6.8273,6.8273,6.8273
6.8274,6.8274,6.8274
6.8267,6.8267,6.8267
6.8255,6.8255,6.8255
6.823,6.823,6.823
6.823,6.823,6.823
6.823,6.823,6.823
6.8199,6.8199,6.8199
6.8216,6.8216,6.8216
6.8218,6.8218,6.8218
6.8218,6.8218,6.8218
6.823,6.823,6.823
6.8216,6.8216,6.8216
6.8224,6.8224,6.8224
6.825,6.825,6.825
6.8258,6.8258,6.8258
6.827,6.827,6.827
6.8246,6.8246,6.8246
6.825,6.825,6.825
6.8247,6.8247,6.8247
6.8232,6.8232,6.8232
6.8238,6.8238,6.8238
6.8306,6.8306,6.8306
6.8281,6.8281,6.8281
6.8281,6.8281,6.8281
6.8281,6.8281,6.8281
6.8265,6.8265,6.8265
6.8311,6.8311,6.8311
6.8307,6.8307,6.8307
6.8331,6.8331,6.8331
6.833,6.833,6.833
6.8371,6.8371,6.8371
6.8354,6.8354,6.8354
6.8334,6.8334,6.8334
6.8348,6.8348,6.8348
6.8338,6.8338,6.8338
6.8364,6.8364,6.8364
6.8341,6.8341,6.8341
6.8374,6.8374,6.8374
6.8347,6.8347,6.8347
6.8362,6.8362,6.8362
6.8356,6.8356,6.8356
6.8348,6.8348,6.8348
6.8328,6.8328,6.8328
6.8347,6.8347,6.8347
6.8338,6.8338,6.8338
6.8338,6.8338,6.8338
6.8307,6.8307,6.8307
6.8331,6.8331,6.8331
6.8314,6.8314,6.8314
6.8323,6.8323,6.8323
6.8345,6.8345,6.8345
6.8327,6.8327,6.8327
6.8329,6.8329,6.8329
6.8317,6.8317,6.8317
6.8328,6.8328,6.8328
6.8327,6.8327,6.8327
6.8329,6.8329,6.8329
6.8316,6.8316,6.8316
6.8313,6.8313,6.8313
6.8317,6.8317,6.8317
6.8311,6.8311,6.8311
6.8307,6.8307,6.8307
6.8306,6.8306,6.8306
6.831,6.831,6.831
6.831,6.831,6.831
6.831,6.831,6.831
6.8309,6.8309,6.8309
6.8314,6.8314,6.8314
6.8323,6.8323,6.8323
6.8321,6.8321,6.8321
6.8308,6.8308,6.8308
6.8302,6.8302,6.8302
6.8309,6.8309,6.8309
6.8312,6.8312,6.8312
6.8318,6.8318,6.8318
6.8344,6.8344,6.8344
6.835,6.835,6.835
6.8351,6.8351,6.8351
6.8337,6.8337,6.8337
6.8342,6.8342,6.8342
6.8365,6.8365,6.8365
6.8339,6.8339,6.8339
6.8341,6.8341,6.8341
6.8318,6.8318,6.8318
6.8312,6.8312,6.8312
6.8313,6.8313,6.8313
6.8318,6.8318,6.8318
6.8311,6.8311,6.8311
6.832,6.832,6.832
6.8301,6.8301,6.8301
6.8306,6.8306,6.8306
6.8304,6.8304,6.8304
6.831,6.831,6.831
6.8305,6.8305,6.8305
6.83,6.83,6.83
6.829,6.829,6.829
6.8275,6.8275,6.8275
6.8288,6.8288,6.8288
6.8294,6.8294,6.8294
6.829,6.829,6.829
6.8289,6.8289,6.8289
6.8289,6.8289,6.8289
6.8258,6.8258,6.8258
6.8265,6.8265,6.8265
6.8279,6.8279,6.8279
6.8289,6.8289,6.8289
6.8269,6.8269,6.8269
6.8261,6.8261,6.8261
6.8272,6.8272,6.8272
6.8282,6.8282,6.8282
6.8275,6.8275,6.8275
6.828,6.828,6.828
6.8263,6.8263,6.8263
6.8263,6.8263,6.8263
6.8263,6.8263,6.8263
6.8263,6.8263,6.8263
6.8263,6.8263,6.8263
6.8263,6.8263,6.8263
6.8263,6.8263,6.8263
6.8256,6.8256,6.8256
6.8234,6.8234,6.8234
6.8265,6.8265,6.8265
6.8265,6.8265,6.8265
6.8287,6.8287,6.8287
6.8268,6.8268,6.8268
6.8267,6.8267,6.8267
6.8265,6.8265,6.8265
6.8273,6.8273,6.8273
6.8292,6.8292,6.8292
6.8285,6.8285,6.8285
6.8278,6.8278,6.8278
6.8296,6.8296,6.8296
6.8282,6.8282,6.8282
6.828,6.828,6.828
6.8275,6.8275,6.8275
6.8279,6.8279,6.8279
6.828,6.828,6.828
6.827,6.827,6.827
6.8276,6.8276,6.8276
6.8273,6.8273,6.8273
6.8272,6.8272,6.8272
6.8268,6.8268,6.8268
6.8259,6.8259,6.8259
6.8266,6.8266,6.8266
6.8263,6.8263,6.8263
6.827,6.827,6.827
6.8265,6.8265,6.8265
6.827,6.827,6.827
6.8284,6.8284,6.8284
6.8278,6.8278,6.8278
6.8301,6.8301,6.8301
6.8294,6.8294,6.8294
6.8272,6.8272,6.8272
6.8265,6.8265,6.8265
6.8284,6.8284,6.8284
6.8271,6.8271,6.8271
6.826,6.826,6.826
6.8263,6.8263,6.8263
6.827,6.827,6.827
6.827,6.827,6.827
6.8291,6.8291,6.8291
6.8275,6.8275,6.8275
6.8276,6.8276,6.8276
6.8266,6.8266,6.8266
6.8276,6.8276,6.8276
6.8282,6.8282,6.8282
6.828,6.828,6.828
6.828,6.828,6.828
6.8286,6.8286,6.8286
6.828,6.828,6.828
6.8285,6.8285,6.8285
6.8281,6.8281,6.8281
6.8284,6.8284,6.8284
6.828,6.828,6.828
6.828,6.828,6.828
6.83,6.83,6.83
6.8294,6.8294,6.8294
6.8253,6.8253,6.8253
6.827,6.827,6.827
6.827,6.827,6.827
6.8273,6.8273,6.8273
6.8272,6.8272,6.8272
6.8274,6.8274,6.8274
6.8277,6.8277,6.8277
6.8275,6.8275,6.8275
6.8264,6.8264,6.8264
6.8271,6.8271,6.8271
6.8268,6.8268,6.8268
6.8273,6.8273,6.8273
6.8269,6.8269,6.8269
6.827,6.827,6.827
6.8274,6.8274,6.8274
6.8271,6.8271,6.8271
6.8268,6.8268,6.8268
6.8269,6.8269,6.8269
6.8269,6.8269,6.8269
6.8269,6.8269,6.8269
6.8268,6.8268,6.8268
6.8269,6.8269,6.8269
6.8268,6.8268,6.8268
6.8274,6.8274,6.8274
6.8269,6.8269,6.8269
6.8266,6.8266,6.8266
6.8269,6.8269,6.8269
6.8271,6.8271,6.8271
6.8267,6.8267,6.8267
6.8267,6.8267,6.8267
6.8302,6.8302,6.8302
6.8346,6.8346,6.8346
6.833,6.833,6.833
6.833,6.833,6.833
6.833,6.833,6.833
6.833,6.833,6.833
6.833,6.833,6.833
6.833,6.833,6.833
6.8264,6.8264,6.8264
6.8267,6.8267,6.8267
6.827,6.827,6.827
6.8268,6.8268,6.8268
6.826,6.826,6.826
6.8263,6.8263,6.8263
6.8265,6.8265,6.8265
6.8258,6.8258,6.8258
6.8264,6.8264,6.8264
6.8265,6.8265,6.8265
6.8264,6.8264,6.8264
6.8263,6.8263,6.8263
6.8259,6.8259,6.8259
6.8266,6.8266,6.8266
6.8255,6.8255,6.8255
6.826,6.826,6.826
6.8259,6.8259,6.8259
6.826,6.826,6.826
6.8261,6.8261,6.8261
6.8265,6.8265,6.8265
6.8266,6.8266,6.8266
6.8263,6.8263,6.8263
6.8267,6.8267,6.8267
6.8271,6.8271,6.8271
6.827,6.827,6.827
6.8264,6.8264,6.8264
6.8258,6.8258,6.8258
6.8259,6.8259,6.8259
6.8263,6.8263,6.8263
6.8263,6.8263,6.8263
6.8263,6.8263,6.8263
6.8258,6.8258,6.8258
6.8256,6.8256,6.8256
6.8245,6.8245,6.8245
6.8239,6.8239,6.8239
6.8257,6.8257,6.8257
6.8256,6.8256,6.8256
6.8257,6.8257,6.8257
6.826,6.826,6.826
6.8255,6.8255,6.8255
6.8268,6.8268,6.8268
6.8254,6.8254,6.8254
6.8275,6.8275,6.8275
6.8263,6.8263,6.8263
6.8275,6.8275,6.8275
6.8266,6.8266,6.8266
6.8258,6.8258,6.8258
6.8253,6.8253,6.8253
6.8259,6.8259,6.8259
6.8252,6.8252,6.8252
6.8252,6.8252,6.8252
6.8265,6.8265,6.8265
6.8263,6.8263,6.8263
6.8266,6.8266,6.8266
6.8257,6.8257,6.8257
6.8265,6.8265,6.8265
6.829,6.829,6.829
6.8273,6.8273,6.8273
6.8278,6.8278,6.8278
6.8268,6.8268,6.8268
6.8277,6.8277,6.8277
6.8274,6.8274,6.8274
6.8274,6.8274,6.8274
6.8279,6.8279,6.8279
6.8277,6.8277,6.8277
6.8285,6.8285,6.8285
6.831,6.831,6.831
6.8291,6.8291,6.8291
6.8315,6.8315,6.8315
6.8313,6.8313,6.8313
6.8279,6.8279,6.8279
6.8302,6.8302,6.8302
6.8299,6.8299,6.8299
6.8282,6.8282,6.8282
6.8288,6.8288,6.8288
6.8322,6.8322,6.8322
6.8295,6.8295,6.8295
6.8281,6.8281,6.8281
6.8308,6.8308,6.8308
6.8323,6.8323,6.8323
6.8323,6.8323,6.8323
6.8323,6.8323,6.8323
6.8323,6.8323,6.8323
6.8291,6.8291,6.8291
6.8262,6.8262,6.8262
6.7976,6.7976,6.7976
6.8136,6.8136,6.8136
6.8124,6.8124,6.8124
6.7997,6.7997,6.7997
6.79,6.79,6.79
6.7967,6.7967,6.7967
6.7977,6.7977,6.7977
6.7814,6.7814,6.7814
6.781,6.781,6.781
6.7711,6.7711,6.7711
6.7758,6.7758,6.7758
6.7801,6.7801,6.7801
6.7772,6.7772,6.7772
6.7761,6.7761,6.7761
6.7735,6.7735,6.7735
6.7711,6.7711,6.7711
6.772,6.772,6.772
6.7745,6.7745,6.7745
6.7785,6.7785,6.7785
6.775,6.775,6.775
6.778,6.778,6.778
6.7781,6.7781,6.7781
6.7769,6.7769,6.7769
6.78,6.78,6.78
6.7803,6.7803,6.7803
6.7795,6.7795,6.7795
6.7786,6.7786,6.7786
6.778,6.778,6.778
6.7761,6.7761,6.7761
6.775,6.775,6.775
6.7742,6.7742,6.7742
6.773,6.773,6.773
6.7722,6.7722,6.7722
6.7719,6.7719,6.7719
6.7683,6.7683,6.7683
6.7671,6.7671,6.7671
6.772,6.772,6.772
6.775,6.775,6.775
6.7851,6.7851,6.7851
6.7957,6.7957,6.7957
6.8082,6.8082,6.8082
6.7921,6.7921,6.7921
6.7917,6.7917,6.7917
6.7902,6.7902,6.7902
6.7902,6.7902,6.7902
6.8003,6.8003,6.8003
6.7972,6.7972,6.7972
6.7986,6.7986,6.7986
6.7998,6.7998,6.7998
6.7982,6.7982,6.7982
6.803,6.803,6.803
6.8074,6.8074,6.8074
6.8115,6.8115,6.8115
6.8084,6.8084,6.8084
6.8038,6.8038,6.8038
6.7874,6.7874,6.7874
6.7914,6.7914,6.7914
6.7943,6.7943,6.7943
6.7832,6.7832,6.7832
6.7692,6.7692,6.7692
6.7618,6.7618,6.7618
6.7463,6.7463,6.7463
6.7422,6.7422,6.7422
6.7248,6.7248,6.7248
6.7235,6.7235,6.7235
6.7143,6.7143,6.7143
6.7065,6.7065,6.7065
6.7065,6.7065,6.7065
6.7065,6.7065,6.7065
6.7065,6.7065,6.7065
6.6923,6.6923,6.6923
6.6906,6.6906,6.6906
6.6868,6.6868,6.6868
6.6912,6.6912,6.6912
6.6912,6.6912,6.6912
6.6912,6.6912,6.6912
6.6912,6.6912,6.6912
6.6912,6.6912,6.6912
6.6912,6.6912,6.6912
6.6706,6.6706,6.6706
6.6678,6.6678,6.6678
6.6734,6.6734,6.6734
6.6641,6.6641,6.6641
6.6508,6.6508,6.6508
6.6412,6.6412,6.6412
6.6441,6.6441,6.6441
6.6447,6.6447,6.6447
6.6519,6.6519,6.6519
6.6504,6.6504,6.6504
6.659,6.659,6.659
6.6581,6.6581,6.6581
6.6627,6.6627,6.6627
6.6806,6.6806,6.6806
6.6874,6.6874,6.6874
6.6708,6.6708,6.6708
6.6899,6.6899,6.6899
6.6777,6.6777,6.6777
6.6761,6.6761,6.6761
6.6635,6.6635,6.6635
6.6566,6.6566,6.6566
6.6781,6.6781,6.6781
6.644,6.644,6.644
6.6337,6.6337,6.6337
6.6257,6.6257,6.6257
6.637,6.637,6.637
6.6455,6.6455,6.6455
6.6379,6.6379,6.6379
6.6425,6.6425,6.6425
6.6336,6.6336,6.6336
6.6395,6.6395,6.6395
6.6416,6.6416,6.6416
6.6449,6.6449,6.6449
6.6543,6.6543,6.6543
6.6508,6.6508,6.6508
6.6675,6.6675,6.6675
6.6606,6.6606,6.6606
6.667,6.667,6.667
6.6634,6.6634,6.6634
6.6613,6.6613,6.6613
6.6633,6.6633,6.6633
6.6484,6.6484,6.6484
6.6446,6.6446,6.6446
6.6617,6.6617,6.6617
6.655,6.655,6.655
6.6556,6.6556,6.6556
6.667,6.667,6.667
6.6551,6.6551,6.6551
6.6555,6.6555,6.6555
6.6633,6.6633,6.6633
6.6555,6.6555,6.6555
6.6745,6.6745,6.6745
6.6589,6.6589,6.6589
6.6461,6.6461,6.6461
6.6431,6.6431,6.6431
6.627,6.627,6.627
6.6308,6.6308,6.6308
6.6248,6.6248,6.6248
6.6212,6.6212,6.6212
6.6008,6.6008,6.6008
6.5897,6.5897,6.5897
6.5897,6.5897,6.5897
6.6088,6.6088,6.6088
6.619,6.619,6.619
6.6265,6.6265,6.6265
6.628,6.628,6.628
6.6377,6.6377,6.6377
6.62,6.62,6.62
6.6038,6.6038,6.6038
6.6046,6.6046,6.6046
6.59,6.59,6.59
6.593,6.593,6.593
6.5829,6.5829,6.5829
6.5824,6.5824,6.5824
6.5854,6.5854,6.5854
6.5833,6.5833,6.5833
6.5813,6.5813,6.5813
6.5827,6.5827,6.5827
6.5819,6.5819,6.5819
6.582,6.582,6.582
6.586,6.586,6.586
6.603,6.603,6.603
6.5938,6.5938,6.5938
6.5938,6.5938,6.5938
6.5938,6.5938,6.5938
6.5938,6.5938,6.5938
6.5938,6.5938,6.5938
6.5938,6.5938,6.5938
6.5938,6.5938,6.5938
6.5865,6.5865,6.5865
6.5919,6.5919,6.5919
6.5966,6.5966,6.5966
6.5885,6.5885,6.5885
6.5885,6.5885,6.5885
6.5871,6.5871,6.5871
6.5732,6.5732,6.5732
6.5668,6.5668,6.5668
6.5803,6.5803,6.5803
6.5743,6.5743,6.5743
6.5787,6.5787,6.5787
6.575,6.575,6.575
6.5716,6.5716,6.5716
6.5703,6.5703,6.5703
6.5727,6.5727,6.5727
6.5731,6.5731,6.5731
6.5686,6.5686,6.5686
6.5634,6.5634,6.5634
6.5684,6.5684,6.5684
6.5721,6.5721,6.5721
6.5747,6.5747,6.5747
6.5746,6.5746,6.5746
6.5698,6.5698,6.5698
6.5727,6.5727,6.5727
6.5713,6.5713,6.5713
6.5744,6.5744,6.5744
6.5691,6.5691,6.5691
6.5611,6.5611,6.5611
6.5561,6.5561,6.5561
6.5593,6.5593,6.5593
6.5618,6.5618,6.5618
6.5576,6.5576,6.5576
6.5645,6.5645,6.5645
6.561,6.561,6.561
6.5559,6.5559,6.5559
6.5485,6.5485,6.5485
6.5479,6.5479,6.5479
6.5479,6.5479,6.5479
6.5479,6.5479,6.5479
6.544,6.544,6.544
6.542,6.542,6.542
6.5354,6.5354,6.5354
6.5383,6.5383,6.5383
6.5403,6.5403,6.5403
6.534,6.534,6.534
6.5315,6.5315,6.5315
6.5325,6.5325,6.5325
6.5287,6.5287,6.5287
6.5305,6.5305,6.5305
6.5255,6.5255,6.5255
6.5205,6.5205,6.5205
6.5205,6.5205,6.5205
6.5277,6.5277,6.5277
6.5287,6.5287,6.5287
6.5112,6.5112,6.5112
6.5015,6.5015,6.5015
6.491,6.491,6.491
6.491,6.491,6.491
6.4968,6.4968,6.4968
6.4933,6.4933,6.4933
6.4937,6.4937,6.4937
6.4938,6.4938,6.4938
6.4939,6.4939,6.4939
6.4919,6.4919,6.4919
6.493,6.493,6.493
6.5,6.5,6.5
6.4977,6.4977,6.4977
6.5074,6.5074,6.5074
6.506,6.506,6.506
6.5047,6.5047,6.5047
6.5039,6.5039,6.5039
6.4926,6.4926,6.4926
6.505,6.505,6.505
6.4975,6.4975,6.4975
6.4934,6.4934,6.4934
6.4915,6.4915,6.4915
6.4917,6.4917,6.4917
6.4829,6.4829,6.4829
6.4791,6.4791,6.4791
6.478,6.478,6.478
6.4828,6.4828,6.4828
6.4796,6.4796,6.4796
6.4796,6.4796,6.4796
6.481,6.481,6.481
6.4757,6.4757,6.4757
6.4759,6.4759,6.4759
6.4802,6.4802,6.4802
6.483,6.483,6.483
6.4803,6.4803,6.4803
6.4822,6.4822,6.4822
6.4744,6.4744,6.4744
6.4744,6.4744,6.4744
6.4781,6.4781,6.4781
6.4655,6.4655,6.4655
6.4629,6.4629,6.4629
6.4676,6.4676,6.4676
6.473,6.473,6.473
6.4772,6.4772,6.4772
6.4704,6.4704,6.4704
6.4635,6.4635,6.4635
6.464,6.464,6.464
6.4649,6.4649,6.4649
6.4629,6.4629,6.4629
6.4676,6.4676,6.4676
6.467,6.467,6.467
6.4658,6.4658,6.4658
6.465,6.465,6.465
6.4671,6.4671,6.4671
6.4722,6.4722,6.4722
6.4676,6.4676,6.4676
6.4576,6.4576,6.4576
6.463,6.463,6.463
6.4687,6.4687,6.4687
6.4634,6.4634,6.4634
6.4595,6.4595,6.4595
6.4516,6.4516,6.4516
6.4455,6.4455,6.4455
6.445,6.445,6.445
6.4414,6.4414,6.4414
6.4433,6.4433,6.4433
6.4428,6.4428,6.4428
6.4366,6.4366,6.4366
6.434,6.434,6.434
6.4382,6.4382,6.4382
6.4341,6.4341,6.4341
6.439,6.439,6.439
6.4404,6.4404,6.4404
6.436,6.436,6.436
6.4306,6.4306,6.4306
6.4181,6.4181,6.4181
6.3945,6.3945,6.3945
6.3895,6.3895,6.3895
6.3904,6.3904,6.3904
6.3828,6.3828,6.3828
6.3871,6.3871,6.3871
6.3877,6.3877,6.3877
6.393,6.393,6.393
6.4013,6.4013,6.4013
6.397,6.397,6.397
6.3885,6.3885,6.3885
6.39,6.39,6.39
6.3868,6.3868,6.3868
6.381,6.381,6.381
6.3805,6.3805,6.3805
6.3782,6.3782,6.3782
6.3813,6.3813,6.3813
6.3826,6.3826,6.3826
6.3858,6.3858,6.3858
6.3908,6.3908,6.3908
6.394,6.394,6.394
6.384,6.384,6.384
6.3882,6.3882,6.3882
6.3882,6.3882,6.3882
6.3991,6.3991,6.3991
6.3964,6.3964,6.3964
6.392,6.392,6.392
6.3834,6.3834,6.3834
6.3868,6.3868,6.3868
6.3843,6.3843,6.3843
6.3823,6.3823,6.3823
6.3877,6.3877,6.3877
6.3889,6.3889,6.3889
6.4006,6.4006,6.4006
6.3992,6.3992,6.3992
6.3938,6.3938,6.3938
6.3983,6.3983,6.3983
6.3859,6.3859,6.3859
6.3859,6.3859,6.3859
6.3859,6.3859,6.3859
6.3859,6.3859,6.3859
6.3859,6.3859,6.3859
6.3859,6.3859,6.3859
6.3486,6.3486,6.3486
6.375,6.375,6.375
6.3585,6.3585,6.3585
6.382,6.382,6.382
6.3785,6.3785,6.3785
6.3706,6.3706,6.3706
6.3813,6.3813,6.3813
6.3775,6.3775,6.3775
6.3855,6.3855,6.3855
6.384,6.384,6.384
6.3754,6.3754,6.3754
6.3604,6.3604,6.3604
6.3533,6.3533,6.3533
6.3595,6.3595,6.3595
6.3586,6.3586,6.3586
6.3549,6.3549,6.3549
6.3543,6.3543,6.3543
6.3573,6.3573,6.3573
6.3514,6.3514,6.3514
6.3392,6.3392,6.3392
6.351,6.351,6.351
6.3462,6.3462,6.3462
6.3402,6.3402,6.3402
6.3459,6.3459,6.3459
6.3424,6.3424,6.3424
6.3538,6.3538,6.3538
6.3465,6.3465,6.3465
6.3456,6.3456,6.3456
6.3508,6.3508,6.3508
6.3554,6.3554,6.3554
6.36,6.36,6.36
6.3608,6.3608,6.3608
6.359,6.359,6.359
6.368,6.368,6.368
6.375,6.375,6.375
6.3841,6.3841,6.3841
6.3778,6.3778,6.3778
6.3789,6.3789,6.3789
6.3635,6.3635,6.3635
6.3597,6.3597,6.3597
6.3641,6.3641,6.3641
6.3642,6.3642,6.3642
6.3643,6.3643,6.3643
6.3619,6.3619,6.3619
6.3647,6.3647,6.3647
6.3606,6.3606,6.3606
6.3652,6.3652,6.3652
6.3706,6.3706,6.3706
6.3735,6.3735,6.3735
6.3484,6.3484,6.3484
6.3378,6.3378,6.3378
6.3472,6.3472,6.3472
6.3387,6.3387,6.3387
6.339,6.339,6.339
6.3364,6.3364,6.3364
6.3364,6.3364,6.3364
6.3226,6.3226,6.3226
6.3212,6.3212,6.3212
6.3192,6.3192,6.3192
6.294,6.294,6.294
6.294,6.294,6.294
6.294,6.294,6.294
6.2946,6.2946,6.2946
6.3017,6.3017,6.3017
6.3095,6.3095,6.3095
6.3146,6.3146,6.3146
6.315,6.315,6.315
6.3155,6.3155,6.3155
6.3178,6.3178,6.3178
6.3066,6.3066,6.3066
6.3165,6.3165,6.3165
6.315,6.315,6.315
6.312,6.312,6.312
6.3167,6.3167,6.3167
6.339,6.339,6.339
6.339,6.339,6.339
6.339,6.339,6.339
6.339,6.339,6.339
6.339,6.339,6.339
6.339,6.339,6.339
6.331,6.331,6.331
6.3085,6.3085,6.3085
6.3067,6.3067,6.3067
6.3018,6.3018,6.3018
6.3028,6.3028,6.3028
6.3121,6.3121,6.3121
6.3049,6.3049,6.3049
6.2945,6.2945,6.2945
6.2952,6.2952,6.2952
6.2986,6.2986,6.2986
6.2971,6.2971,6.2971
6.2996,6.2996,6.2996
6.3,6.3,6.3
6.3016,6.3016,6.3016
6.2991,6.2991,6.2991
6.3017,6.3017,6.3017
6.2964,6.2964,6.2964
6.296,6.296,6.296
6.2985,6.2985,6.2985
6.2978,6.2978,6.2978
6.3019,6.3019,6.3019
6.299,6.299,6.299
6.2936,6.2936,6.2936
6.3002,6.3002,6.3002
6.2982,6.2982,6.2982
6.3067,6.3067,6.3067
6.308,6.308,6.308
6.3099,6.3099,6.3099
6.3165,6.3165,6.3165
6.3107,6.3107,6.3107
6.3265,6.3265,6.3265
6.327,6.327,6.327
6.3323,6.3323,6.3323
6.33,6.33,6.33
6.3227,6.3227,6.3227
6.3233,6.3233,6.3233
6.3241,6.3241,6.3241
6.3229,6.3229,6.3229
6.2997,6.2997,6.2997
6.3078,6.3078,6.3078
6.314,6.314,6.314
6.3072,6.3072,6.3072
6.306,6.306,6.306
6.306,6.306,6.306
6.298,6.298,6.298
6.298,6.298,6.298
6.298,6.298,6.298
6.298,6.298,6.298
6.3153,6.3153,6.3153
6.3153,6.3153,6.3153
6.3085,6.3085,6.3085
6.3115,6.3115,6.3115
6.3081,6.3081,6.3081
6.3073,6.3073,6.3073
6.303,6.303,6.303
6.315,6.315,6.315
6.3015,6.3015,6.3015
6.3028,6.3028,6.3028
6.3039,6.3039,6.3039
6.3085,6.3085,6.3085
6.3088,6.3088,6.3088
6.3073,6.3073,6.3073
6.3041,6.3041,6.3041
6.306,6.306,6.306
6.3102,6.3102,6.3102
6.3102,6.3102,6.3102
6.3102,6.3102,6.3102
6.307,6.307,6.307
6.305,6.305,6.305
6.3062,6.3062,6.3062
6.3079,6.3079,6.3079
6.308,6.308,6.308
6.3097,6.3097,6.3097
6.314,6.314,6.314
6.3106,6.3106,6.3106
6.3215,6.3215,6.3215
6.3182,6.3182,6.3182
6.3222,6.3222,6.3222
6.3252,6.3252,6.3252
6.3284,6.3284,6.3284
6.3279,6.3279,6.3279
6.3231,6.3231,6.3231
6.3345,6.3345,6.3345
6.3447,6.3447,6.3447
6.3439,6.3439,6.3439
6.345,6.345,6.345
6.348,6.348,6.348
6.3577,6.3577,6.3577
6.369,6.369,6.369
6.369,6.369,6.369
6.3645,6.3645,6.3645
6.3675,6.3675,6.3675
6.3635,6.3635,6.3635
6.3635,6.3635,6.3635
6.3705,6.3705,6.3705
6.3694,6.3694,6.3694
6.3703,6.3703,6.3703
6.3691,6.3691,6.3691
6.3703,6.3703,6.3703
6.3651,6.3651,6.3651
6.357,6.357,6.357
6.3545,6.3545,6.3545
6.3599,6.3599,6.3599
6.3642,6.3642,6.3642
6.3642,6.3642,6.3642
6.3633,6.3633,6.3633
6.3629,6.3629,6.3629
6.3554,6.3554,6.3554
6.3575,6.3575,6.3575
6.3541,6.3541,6.3541
6.3488,6.3488,6.3488
6.3523,6.3523,6.3523
6.3477,6.3477,6.3477
6.3559,6.3559,6.3559
6.3644,6.3644,6.3644
6.3714,6.3714,6.3714
6.3659,6.3659,6.3659
6.3686,6.3686,6.3686
6.3733,6.3733,6.3733
6.3789,6.3789,6.3789
6.3787,6.3787,6.3787
6.3729,6.3729,6.3729
6.3702,6.3702,6.3702
6.3734,6.3734,6.3734
6.3735,6.3735,6.3735
6.3864,6.3864,6.3864
6.3858,6.3858,6.3858
6.3885,6.3885,6.3885
6.3841,6.3841,6.3841
6.3807,6.3807,6.3807
6.3794,6.3794,6.3794
6.3627,6.3627,6.3627
6.3685,6.3685,6.3685
6.3674,6.3674,6.3674
6.3727,6.3727,6.3727
6.3742,6.3742,6.3742
6.3664,6.3664,6.3664
6.3615,6.3615,6.3615
6.359,6.359,6.359
6.36,6.36,6.36
6.3616,6.3616,6.3616
6.3586,6.3586,6.3586
6.3625,6.3625,6.3625
6.3658,6.3658,6.3658
6.3585,6.3585,6.3585
6.3594,6.3594,6.3594
6.3562,6.3562,6.3562
6.3518,6.3518,6.3518
6.3535,6.3535,6.3535
6.3545,6.3545,6.3545
6.3568,6.3568,6.3568
6.353,6.353,6.353
6.3517,6.3517,6.3517
6.3496,6.3496,6.3496
6.3484,6.3484,6.3484
6.3407,6.3407,6.3407
6.3473,6.3473,6.3473
6.3492,6.3492,6.3492
6.3428,6.3428,6.3428
6.343,6.343,6.343
6.3376,6.3376,6.3376
6.3351,6.3351,6.3351
6.3264,6.3264,6.3264
6.3296,6.3296,6.3296
6.3145,6.3145,6.3145
6.3173,6.3173,6.3173
6.3189,6.3189,6.3189
6.3093,6.3093,6.3093
6.3038,6.3038,6.3038
6.3053,6.3053,6.3053
6.3093,6.3093,6.3093
6.3066,6.3066,6.3066
6.302,6.302,6.302
6.3025,6.3025,6.3025
6.2849,6.2849,6.2849
6.2849,6.2849,6.2849
6.2849,6.2849,6.2849
6.2849,6.2849,6.2849
6.2849,6.2849,6.2849
6.2849,6.2849,6.2849
6.2872,6.2872,6.2872
6.2878,6.2878,6.2878
6.2833,6.2833,6.2833
6.277,6.277,6.277
6.2672,6.2672,6.2672
6.2707,6.2707,6.2707
6.264,6.264,6.264
6.2545,6.2545,6.2545
6.2503,6.2503,6.2503
6.2538,6.2538,6.2538
6.2547,6.2547,6.2547
6.248,6.248,6.248
6.248,6.248,6.248
6.2417,6.2417,6.2417
6.2489,6.2489,6.2489
6.2436,6.2436,6.2436
6.2405,6.2405,6.2405
6.2372,6.2372,6.2372
6.2405,6.2405,6.2405
6.2415,6.2415,6.2415
6.2454,6.2454,6.2454
6.2456,6.2456,6.2456
6.2437,6.2437,6.2437
6.2429,6.2429,6.2429
6.245,6.245,6.245
6.2291,6.2291,6.2291
6.2265,6.2265,6.2265
6.2252,6.2252,6.2252
6.2334,6.2334,6.2334
6.2356,6.2356,6.2356
6.2345,6.2345,6.2345
6.2326,6.2326,6.2326
6.2302,6.2302,6.2302
6.2289,6.2289,6.2289
6.2285,6.2285,6.2285
6.2255,6.2255,6.2255
6.2223,6.2223,6.2223
6.2273,6.2273,6.2273
6.2281,6.2281,6.2281
6.2267,6.2267,6.2267
6.2279,6.2279,6.2279
6.2256,6.2256,6.2256
6.2253,6.2253,6.2253
6.2282,6.2282,6.2282
6.2301,6.2301,6.2301
6.2451,6.2451,6.2451
6.246,6.246,6.246
6.2518,6.2518,6.2518
6.2329,6.2329,6.2329
6.2415,6.2415,6.2415
6.235,6.235,6.235
6.2324,6.2324,6.2324
6.2303,6.2303,6.2303
6.2302,6.2302,6.2302
6.2286,6.2286,6.2286
6.2335,6.2335,6.2335
6.2335,6.2335,6.2335
6.2353,6.2353,6.2353
6.236,6.236,6.236
6.2335,6.2335,6.2335
6.2303,6.2303,6.2303
6.2303,6.2303,6.2303
6.2303,6.2303,6.2303
6.2303,6.2303,6.2303
6.2303,6.2303,6.2303
6.2296,6.2296,6.2296
6.2241,6.2241,6.2241
6.2262,6.2262,6.2262
6.2244,6.2244,6.2244
6.2161,6.2161,6.2161
6.2192,6.2192,6.2192
6.2136,6.2136,6.2136
6.2165,6.2165,6.2165
6.216,6.216,6.216
6.2154,6.2154,6.2154
6.2213,6.2213,6.2213
6.2198,6.2198,6.2198
6.218,6.218,6.218
6.2181,6.2181,6.2181
6.2205,6.2205,6.2205
6.2226,6.2226,6.2226
6.2243,6.2243,6.2243
6.2204,6.2204,6.2204
6.2188,6.2188,6.2188
6.227,6.227,6.227
6.2328,6.2328,6.2328
6.2294,6.2294,6.2294
6.2317,6.2317,6.2317
6.2322,6.2322,6.2322
6.2325,6.2325,6.2325
6.2325,6.2325,6.2325
6.2325,6.2325,6.2325
6.2325,6.2325,6.2325
6.2325,6.2325,6.2325
6.2325,6.2325,6.2325
6.2427,6.2427,6.2427
6.2443,6.2443,6.2443
6.2376,6.2376,6.2376
6.2405,6.2405,6.2405
6.2351,6.2351,6.2351
6.2339,6.2339,6.2339
6.2295,6.2295,6.2295
6.2273,6.2273,6.2273
6.2213,6.2213,6.2213
6.2237,6.2237,6.2237
6.2251,6.2251,6.2251
6.2209,6.2209,6.2209
6.2181,6.2181,6.2181
6.2202,6.2202,6.2202
6.2147,6.2147,6.2147
6.2181,6.2181,6.2181
6.2162,6.2162,6.2162
6.2138,6.2138,6.2138
6.2155,6.2155,6.2155
6.2135,6.2135,6.2135
6.2158,6.2158,6.2158
6.2157,6.2157,6.2157
6.2118,6.2118,6.2118
6.2143,6.2143,6.2143
6.2122,6.2122,6.2122
6.2107,6.2107,6.2107
6.211,6.211,6.211
6.214,6.214,6.214
6.2143,6.2143,6.2143
6.2143,6.2143,6.2143
6.208,6.208,6.208
6.1986,6.1986,6.1986
6.201,6.201,6.201
6.201,6.201,6.201
6.201,6.201,6.201
6.2033,6.2033,6.2033
6.2024,6.2024,6.2024
6.1939,6.1939,6.1939
6.1963,6.1963,6.1963
6.1922,6.1922,6.1922
6.1871,6.1871,6.1871
6.1831,6.1831,6.1831
6.1723,6.1723,6.1723
6.1813,6.1813,6.1813
6.1776,6.1776,6.1776
6.1826,6.1826,6.1826
6.1791,6.1791,6.1791
6.1781,6.1781,6.1781
6.1707,6.1707,6.1707
6.165,6.165,6.165
6.165,6.165,6.165
6.165,6.165,6.165
6.165,6.165,6.165
6.156,6.156,6.156
6.1556,6.1556,6.1556
6.1667,6.1667,6.1667
6.1541,6.1541,6.1541
6.141,6.141,6.141
6.1309,6.1309,6.1309
6.1417,6.1417,6.1417
6.1468,6.1468,6.1468
6.1428,6.1428,6.1428
6.1459,6.1459,6.1459
6.1492,6.1492,6.1492
6.1419,6.1419,6.1419
6.1389,6.1389,6.1389
6.1356,6.1356,6.1356
6.1311,6.1311,6.1311
6.134,6.134,6.134
6.1316,6.1316,6.1316
6.1211,6.1211,6.1211
6.1215,6.1215,6.1215
6.1267,6.1267,6.1267
6.1309,6.1309,6.1309
6.1345,6.1345,6.1345
6.1317,6.1317,6.1317
6.1286,6.1286,6.1286
6.1278,6.1278,6.1278
6.1362,6.1362,6.1362
6.1335,6.1335,6.1335
6.1335,6.1335,6.1335
6.1335,6.1335,6.1335
6.1335,6.1335,6.1335
6.1344,6.1344,6.1344
6.1308,6.1308,6.1308
6.125,6.125,6.125
6.1285,6.1285,6.1285
6.1269,6.1269,6.1269
6.1282,6.1282,6.1282
6.1329,6.1329,6.1329
6.1451,6.1451,6.1451
6.1453,6.1453,6.1453
6.147,6.147,6.147
6.149,6.149,6.149
6.1376,6.1376,6.1376
6.1327,6.1327,6.1327
6.133,6.133,6.133
6.1308,6.1308,6.1308
6.1258,6.1258,6.1258
6.1326,6.1326,6.1326
6.1337,6.1337,6.1337
6.1295,6.1295,6.1295
6.1341,6.1341,6.1341
6.1352,6.1352,6.1352
6.1375,6.1375,6.1375
6.1378,6.1378,6.1378
6.135,6.135,6.135
6.1353,6.1353,6.1353
6.1413,6.1413,6.1413
6.1379,6.1379,6.1379
6.1413,6.1413,6.1413
6.1374,6.1374,6.1374
6.136,6.136,6.136
6.1347,6.1347,6.1347
6.1316,6.1316,6.1316
6.1325,6.1325,6.1325
6.1317,6.1317,6.1317
6.1289,6.1289,6.1289
6.1305,6.1305,6.1305
6.1294,6.1294,6.1294
6.1247,6.1247,6.1247
6.1217,6.1217,6.1217
6.1192,6.1192,6.1192
6.1225,6.1225,6.1225
6.123,6.123,6.123
6.1223,6.1223,6.1223
6.1217,6.1217,6.1217
6.1196,6.1196,6.1196
6.1125,6.1125,6.1125
6.115,6.115,6.115
6.1229,6.1229,6.1229
6.1246,6.1246,6.1246
6.1234,6.1234,6.1234
6.1211,6.1211,6.1211
6.121,6.121,6.121
6.1225,6.1225,6.1225
6.1217,6.1217,6.1217
6.1202,6.1202,6.1202
6.1205,6.1205,6.1205
6.1195,6.1195,6.1195
6.1196,6.1196,6.1196
6.1206,6.1206,6.1206
6.1201,6.1201,6.1201
6.1199,6.1199,6.1199
6.1205,6.1205,6.1205
6.121,6.121,6.121
6.12,6.12,6.12
6.1185,6.1185,6.1185
6.118,6.118,6.118
6.1188,6.1188,6.1188
6.1203,6.1203,6.1203
6.1215,6.1215,6.1215
6.1212,6.1212,6.1212
6.1212,6.1212,6.1212
6.1212,6.1212,6.1212
6.121,6.121,6.121
6.121,6.121,6.121
6.12,6.12,6.12
6.1214,6.1214,6.1214
6.1202,6.1202,6.1202
6.122,6.122,6.122
6.122,6.122,6.122
6.122,6.122,6.122
6.122,6.122,6.122
6.122,6.122,6.122
6.122,6.122,6.122
6.1211,6.1211,6.1211
6.1211,6.1211,6.1211
6.1158,6.1158,6.1158
6.1206,6.1206,6.1206
6.1079,6.1079,6.1079
6.1026,6.1026,6.1026
6.0995,6.0995,6.0995
6.0982,6.0982,6.0982
6.0968,6.0968,6.0968
6.0925,6.0925,6.0925
6.0935,6.0935,6.0935
6.0835,6.0835,6.0835
6.082,6.082,6.082
6.084,6.084,6.084
6.0855,6.0855,6.0855
6.0902,6.0902,6.0902
6.0938,6.0938,6.0938
6.0945,6.0945,6.0945
6.0995,6.0995,6.0995
6.0992,6.0992,6.0992
6.0968,6.0968,6.0968
6.0927,6.0927,6.0927
6.0908,6.0908,6.0908
6.0905,6.0905,6.0905
6.0913,6.0913,6.0913
6.0919,6.0919,6.0919
6.0928,6.0928,6.0928
6.0922,6.0922,6.0922
6.0922,6.0922,6.0922
6.092,6.092,6.092
6.0927,6.0927,6.0927
6.0929,6.0929,6.0929
6.0932,6.0932,6.0932
6.0936,6.0936,6.0936
6.0926,6.0926,6.0926
6.0927,6.0927,6.0927
6.0924,6.0924,6.0924
6.0925,6.0925,6.0925
6.0932,6.0932,6.0932
6.0929,6.0929,6.0929
6.0924,6.0924,6.0924
6.0916,6.0916,6.0916
6.0913,6.0913,6.0913
6.0817,6.0817,6.0817
6.0723,6.0723,6.0723
6.071,6.071,6.071
6.0717,6.0717,6.0717
6.0711,6.0711,6.0711
6.0712,6.0712,6.0712
6.0715,6.0715,6.0715
6.071,6.071,6.071
6.0718,6.0718,6.0718
6.0713,6.0713,6.0713
6.0713,6.0713,6.0713
6.0702,6.0702,6.0702
6.0714,6.0714,6.0714
6.0714,6.0714,6.0714
6.0746,6.0746,6.0746
6.0686,6.0686,6.0686
6.0618,6.0618,6.0618
6.0539,6.0539,6.0539
6.0539,6.0539,6.0539
6.0506,6.0506,6.0506
6.0515,6.0515,6.0515
6.0526,6.0526,6.0526
6.0512,6.0512,6.0512
6.0512,6.0512,6.0512
6.055,6.055,6.055
6.0521,6.0521,6.0521
6.0434,6.0434,6.0434
6.0412,6.0412,6.0412
6.046,6.046,6.046
6.0557,6.0557,6.0557
6.0502,6.0502,6.0502
6.0527,6.0527,6.0527
6.0505,6.0505,6.0505
6.0513,6.0513,6.0513
6.0517,6.0517,6.0517
6.0488,6.0488,6.0488
6.048,6.048,6.048
6.0508,6.0508,6.0508
6.0553,6.0553,6.0553
6.06,6.06,6.06
6.06,6.06,6.06
6.06,6.06,6.06
6.06,6.06,6.06
6.06,6.06,6.06
6.06,6.06,6.06
6.0634,6.0634,6.0634
6.0593,6.0593,6.0593
6.0606,6.0606,6.0606
6.0624,6.0624,6.0624
6.0636,6.0636,6.0636
6.0668,6.0668,6.0668
6.0641,6.0641,6.0641
6.0673,6.0673,6.0673
6.0764,6.0764,6.0764
6.0834,6.0834,6.0834
6.0914,6.0914,6.0914
6.0984,6.0984,6.0984
6.1266,6.1266,6.1266
6.1248,6.1248,6.1248
6.1284,6.1284,6.1284
6.145,6.145,6.145
6.1462,6.1462,6.1462
6.143,6.143,6.143
6.1282,6.1282,6.1282
6.1185,6.1185,6.1185
6.126,6.126,6.126
6.1385,6.1385,6.1385
6.1402,6.1402,6.1402
6.145,6.145,6.145
6.1361,6.1361,6.1361
6.1502,6.1502,6.1502
6.1781,6.1781,6.1781
6.192,6.192,6.192
6.1965,6.1965,6.1965
6.2275,6.2275,6.2275
6.225,6.225,6.225
6.1888,6.1888,6.1888
6.2024,6.2024,6.2024
6.2094,6.2094,6.2094
6.213,6.213,6.213
6.2122,6.2122,6.2122
6.218,6.218,6.218
6.2069,6.2069,6.2069
6.2056,6.2056,6.2056
6.2107,6.2107,6.2107
6.2123,6.2123,6.2123
6.2123,6.2123,6.2123
6.1968,6.1968,6.1968
6.2005,6.2005,6.2005
6.2125,6.2125,6.2125
6.2113,6.2113,6.2113
6.2191,6.2191,6.2191
6.222,6.222,6.222
6.2214,6.2214,6.2214
6.219,6.219,6.219
6.219,6.219,6.219
6.2274,6.2274,6.2274
6.2375,6.2375,6.2375
6.2376,6.2376,6.2376
6.2489,6.2489,6.2489
6.2536,6.2536,6.2536
6.253,6.253,6.253
6.258,6.258,6.258
6.2593,6.2593,6.2593
6.2593,6.2593,6.2593
6.2593,6.2593,6.2593
6.2455,6.2455,6.2455
6.2257,6.2257,6.2257
6.2343,6.2343,6.2343
6.228,6.228,6.228
6.228,6.228,6.228
6.2375,6.2375,6.2375
6.2291,6.2291,6.2291
6.2289,6.2289,6.2289
6.2306,6.2306,6.2306
6.2334,6.2334,6.2334
6.2374,6.2374,6.2374
6.2384,6.2384,6.2384
6.2337,6.2337,6.2337
6.235,6.235,6.235
6.2365,6.2365,6.2365
6.2392,6.2392,6.2392
6.2486,6.2486,6.2486
6.2556,6.2556,6.2556
6.2399,6.2399,6.2399
6.2473,6.2473,6.2473
6.2473,6.2473,6.2473
6.2541,6.2541,6.2541
6.2504,6.2504,6.2504
6.2548,6.2548,6.2548
6.2502,6.2502,6.2502
6.2404,6.2404,6.2404
6.225,6.225,6.225
6.2279,6.2279,6.2279
6.2185,6.2185,6.2185
6.2107,6.2107,6.2107
6.225,6.225,6.225
6.2269,6.2269,6.2269
6.2314,6.2314,6.2314
6.2296,6.2296,6.2296
6.226,6.226,6.226
6.2266,6.2266,6.2266
6.2315,6.2315,6.2315
6.2344,6.2344,6.2344
6.2251,6.2251,6.2251
6.2181,6.2181,6.2181
6.205,6.205,6.205
6.2016,6.2016,6.2016
6.2106,6.2106,6.2106
6.2129,6.2129,6.2129
6.2043,6.2043,6.2043
6.204,6.204,6.204
6.2022,6.2022,6.2022
6.1999,6.1999,6.1999
6.2028,6.2028,6.2028
6.2037,6.2037,6.2037
6.2059,6.2059,6.2059
6.208,6.208,6.208
6.2047,6.2047,6.2047
6.2045,6.2045,6.2045
6.208,6.208,6.208
6.2089,6.2089,6.2089
6.2037,6.2037,6.2037
6.1983,6.1983,6.1983
6.1949,6.1949,6.1949
6.1915,6.1915,6.1915
6.1863,6.1863,6.1863
6.1815,6.1815,6.1815
6.1717,6.1717,6.1717
6.1747,6.1747,6.1747
6.1798,6.1798,6.1798
6.1785,6.1785,6.1785
6.1708,6.1708,6.1708
6.1633,6.1633,6.1633
6.1619,6.1619,6.1619
6.1567,6.1567,6.1567
6.1536,6.1536,6.1536
6.1583,6.1583,6.1583
6.1544,6.1544,6.1544
6.1531,6.1531,6.1531
6.147,6.147,6.147
6.1437,6.1437,6.1437
6.1418,6.1418,6.1418
6.1413,6.1413,6.1413
6.1514,6.1514,6.1514
6.1529,6.1529,6.1529
6.155,6.155,6.155
6.1523,6.1523,6.1523
6.1432,6.1432,6.1432
6.1446,6.1446,6.1446
6.1432,6.1432,6.1432
6.1428,6.1428,6.1428
6.1488,6.1488,6.1488
6.1411,6.1411,6.1411
6.1386,6.1386,6.1386
6.1412,6.1412,6.1412
6.1412,6.1412,6.1412
6.137,6.137,6.137
6.1299,6.1299,6.1299
6.13,6.13,6.13
6.1346,6.1346,6.1346
6.142,6.142,6.142
6.1462,6.1462,6.1462
6.1401,6.1401,6.1401
6.1406,6.1406,6.1406
6.1405,6.1405,6.1405
6.1404,6.1404,6.1404
6.1378,6.1378,6.1378
6.1346,6.1346,6.1346
6.1363,6.1363,6.1363
6.127,6.127,6.127
6.1501,6.1501,6.1501
6.1395,6.1395,6.1395
6.1395,6.1395,6.1395
6.1395,6.1395,6.1395
6.1395,6.1395,6.1395
6.1395,6.1395,6.1395
6.1395,6.1395,6.1395
6.139,6.139,6.139
6.1305,6.1305,6.1305
6.1309,6.1309,6.1309
6.1259,6.1259,6.1259
6.1247,6.1247,6.1247
6.1259,6.1259,6.1259
6.1231,6.1231,6.1231
6.124,6.124,6.124
6.1229,6.1229,6.1229
6.1212,6.1212,6.1212
6.1185,6.1185,6.1185
6.1195,6.1195,6.1195
6.1172,6.1172,6.1172
6.1167,6.1167,6.1167
6.1133,6.1133,6.1133
6.1112,6.1112,6.1112
6.1159,6.1159,6.1159
6.1135,6.1135,6.1135
6.1183,6.1183,6.1183
6.1152,6.1152,6.1152
6.1146,6.1146,6.1146
6.1123,6.1123,6.1123
6.1229,6.1229,6.1229
6.1196,6.1196,6.1196
6.1252,6.1252,6.1252
6.1262,6.1262,6.1262
6.1248,6.1248,6.1248
6.1307,6.1307,6.1307
6.1241,6.1241,6.1241
6.1213,6.1213,6.1213
6.1198,6.1198,6.1198
6.1245,6.1245,6.1245
6.1249,6.1249,6.1249
6.1417,6.1417,6.1417
6.1365,6.1365,6.1365
6.1389,6.1389,6.1389
6.1392,6.1392,6.1392
6.145,6.145,6.145
6.152,6.152,6.152
6.1503,6.1503,6.1503
6.15,6.15,6.15
6.1546,6.1546,6.1546
6.1502,6.1502,6.1502
6.1727,6.1727,6.1727
6.1855,6.1855,6.1855
6.1768,6.1768,6.1768
6.1886,6.1886,6.1886
6.1869,6.1869,6.1869
6.1912,6.1912,6.1912
6.1903,6.1903,6.1903
6.1975,6.1975,6.1975
6.2163,6.2163,6.2163
6.2202,6.2202,6.2202
6.2216,6.2216,6.2216
6.226,6.226,6.226
6.2163,6.2163,6.2163
6.2163,6.2163,6.2163
6.2129,6.2129,6.2129
6.2218,6.2218,6.2218
6.202,6.202,6.202
6.204,6.204,6.204
6.204,6.204,6.204
6.204,6.204,6.204
6.22,6.22,6.22
6.213,6.213,6.213
6.2125,6.2125,6.2125
6.2145,6.2145,6.2145
6.2086,6.2086,6.2086
6.2036,6.2036,6.2036
6.1983,6.1983,6.1983
6.1957,6.1957,6.1957
6.1881,6.1881,6.1881
6.2066,6.2066,6.2066
6.2203,6.2203,6.2203
6.2142,6.2142,6.2142
6.2115,6.2115,6.2115
6.2095,6.2095,6.2095
6.2288,6.2288,6.2288
6.2542,6.2542,6.2542
6.2435,6.2435,6.2435
6.248,6.248,6.248
6.2469,6.2469,6.2469
6.251,6.251,6.251
6.2597,6.2597,6.2597
6.2581,6.2581,6.2581
6.2477,6.2477,6.2477
6.2521,6.2521,6.2521
6.2447,6.2447,6.2447
6.2472,6.2472,6.2472
6.2416,6.2416,6.2416
6.2427,6.2427,6.2427
6.2454,6.2454,6.2454
6.2405,6.2405,6.2405
6.2485,6.2485,6.2485
6.2551,6.2551,6.2551
6.2551,6.2551,6.2551
6.2551,6.2551,6.2551
6.2551,6.2551,6.2551
6.2551,6.2551,6.2551
6.2551,6.2551,6.2551
6.2598,6.2598,6.2598
6.2589,6.2589,6.2589
6.2696,6.2696,6.2696
6.273,6.273,6.273
6.2743,6.2743,6.2743
6.2709,6.2709,6.2709
6.2662,6.2662,6.2662
6.2629,6.2629,6.2629
6.2644,6.2644,6.2644
6.262,6.262,6.262
6.2623,6.2623,6.2623
6.2624,6.2624,6.2624
6.2595,6.2595,6.2595
6.2624,6.2624,6.2624
6.2499,6.2499,6.2499
6.2294,6.2294,6.2294
6.1961,6.1961,6.1961
6.2062,6.2062,6.2062
6.216,6.216,6.216
6.2053,6.2053,6.2053
6.2125,6.2125,6.2125
6.2124,6.2124,6.2124
6.2167,6.2167,6.2167
6.2077,6.2077,6.2077
6.1996,6.1996,6.1996
6.198,6.198,6.198
6.197,6.197,6.197
6.197,6.197,6.197
6.197,6.197,6.197
6.1983,6.1983,6.1983
6.2032,6.2032,6.2032
6.206,6.206,6.206
6.208,6.208,6.208
6.2167,6.2167,6.2167
6.2118,6.2118,6.2118
6.2052,6.2052,6.2052
6.1967,6.1967,6.1967
6.1978,6.1978,6.1978
6.2015,6.2015,6.2015
6.2016,6.2016,6.2016
6.195,6.195,6.195
6.198,6.198,6.198
6.195,6.195,6.195
6.2206,6.2206,6.2206
6.2057,6.2057,6.2057
6.1997,6.1997,6.1997
6.2028,6.2028,6.2028
6.2028,6.2028,6.2028
6.209,6.209,6.209
6.2062,6.2062,6.2062
6.2007,6.2007,6.2007
6.2069,6.2069,6.2069
6.2094,6.2094,6.2094
6.2096,6.2096,6.2096
6.2092,6.2092,6.2092
6.2044,6.2044,6.2044
6.2012,6.2012,6.2012
6.2061,6.2061,6.2061
6.2043,6.2043,6.2043
6.2066,6.2066,6.2066
6.2038,6.2038,6.2038
6.1968,6.1968,6.1968
6.1976,6.1976,6.1976
6.1976,6.1976,6.1976
6.204,6.204,6.204
6.2014,6.2014,6.2014
6.2012,6.2012,6.2012
6.1985,6.1985,6.1985
6.1995,6.1995,6.1995
6.1984,6.1984,6.1984
6.1976,6.1976,6.1976
6.201,6.201,6.201
6.2034,6.2034,6.2034
6.2056,6.2056,6.2056
6.2057,6.2057,6.2057
6.2061,6.2061,6.2061
6.2065,6.2065,6.2065
6.2081,6.2081,6.2081
6.209,6.209,6.209
6.2084,6.2084,6.2084
6.2096,6.2096,6.2096
6.2075,6.2075,6.2075
6.2095,6.2095,6.2095
6.2095,6.2095,6.2095
6.2068,6.2068,6.2068
6.2071,6.2071,6.2071
6.2094,6.2094,6.2094
6.209,6.209,6.209
6.2087,6.2087,6.2087
6.201,6.201,6.201
6.2011,6.2011,6.2011
6.2049,6.2049,6.2049
6.2057,6.2057,6.2057
6.2092,6.2092,6.2092
6.21,6.21,6.21
6.2094,6.2094,6.2094
6.2088,6.2088,6.2088
6.2092,6.2092,6.2092
6.2084,6.2084,6.2084
6.2089,6.2089,6.2089
6.2092,6.2092,6.2092
6.2095,6.2095,6.2095
6.2095,6.2095,6.2095
6.2097,6.2097,6.2097
6.2096,6.2096,6.2096
6.2095,6.2095,6.2095
6.2095,6.2095,6.2095
6.2095,6.2095,6.2095
6.2095,6.2095,6.2095
6.2094,6.2094,6.2094
6.2091,6.2091,6.2091
6.2096,6.2096,6.2096
6.2097,6.2097,6.2097
6.2097,6.2097,6.2097
6.2096,6.2096,6.2096
6.2096,6.2096,6.2096
6.2097,6.2097,6.2097
6.2097,6.2097,6.2097
6.2097,6.2097,6.2097
6.3231,6.3231,6.3231
6.387,6.387,6.387
6.399,6.399,6.399
6.3918,6.3918,6.3918
6.3947,6.3947,6.3947
6.3938,6.3938,6.3938
6.3955,6.3955,6.3955
6.389,6.389,6.389
6.3887,6.3887,6.3887
6.4044,6.4044,6.4044
6.4124,6.4124,6.4124
6.4105,6.4105,6.4105
6.4053,6.4053,6.4053
6.3885,6.3885,6.3885
6.3763,6.3763,6.3763
6.3645,6.3645,6.3645
6.3559,6.3559,6.3559
6.3559,6.3559,6.3559
6.3559,6.3559,6.3559
6.3659,6.3659,6.3659
6.3672,6.3672,6.3672
6.3778,6.3778,6.3778
6.3772,6.3772,6.3772
6.375,6.375,6.375
6.3679,6.3679,6.3679
6.37,6.37,6.37
6.3709,6.3709,6.3709
6.366,6.366,6.366
6.3643,6.3643,6.3643
6.3691,6.3691,6.3691
6.376,6.376,6.376
6.3839,6.3839,6.3839
6.3828,6.3828,6.3828
6.3744,6.3744,6.3744
6.369,6.369,6.369
6.3636,6.3636,6.3636
6.3571,6.3571,6.3571
6.3571,6.3571,6.3571
6.3571,6.3571,6.3571
6.3571,6.3571,6.3571
6.3571,6.3571,6.3571
6.3571,6.3571,6.3571
6.3537,6.3537,6.3537
6.3453,6.3453,6.3453
6.323,6.323,6.323
6.3429,6.3429,6.3429
6.3477,6.3477,6.3477
6.346,6.346,6.346
6.3529,6.3529,6.3529
6.3601,6.3601,6.3601
6.3488,6.3488,6.3488
6.3482,6.3482,6.3482
6.3574,6.3574,6.3574
6.35,6.35,6.35
6.3529,6.3529,6.3529
6.3532,6.3532,6.3532
6.3592,6.3592,6.3592
6.3567,6.3567,6.3567
6.3175,6.3175,6.3175
6.3379,6.3379,6.3379
6.3366,6.3366,6.3366
6.336,6.336,6.336
6.3466,6.3466,6.3466
6.353,6.353,6.353
6.3622,6.3622,6.3622
6.3618,6.3618,6.3618
6.3665,6.3665,6.3665
6.3692,6.3692,6.3692
6.374,6.374,6.374
6.3724,6.3724,6.3724
6.3786,6.3786,6.3786
6.3849,6.3849,6.3849
6.384,6.384,6.384
6.385,6.385,6.385
6.3896,6.3896,6.3896
6.3895,6.3895,6.3895
6.3892,6.3892,6.3892
6.3896,6.3896,6.3896
6.3952,6.3952,6.3952
6.3981,6.3981,6.3981
6.3986,6.3986,6.3986
6.3988,6.3988,6.3988
6.3972,6.3972,6.3972
6.402,6.402,6.402
6.4082,6.4082,6.4082
6.4172,6.4172,6.4172
6.428,6.428,6.428
6.4378,6.4378,6.4378
6.4553,6.4553,6.4553
6.4591,6.4591,6.4591
6.461,6.461,6.461
6.4733,6.4733,6.4733
6.4837,6.4837,6.4837
6.4815,6.4815,6.4815
6.4808,6.4808,6.4808
6.4788,6.4788,6.4788
6.4778,6.4778,6.4778
6.4768,6.4768,6.4768
6.4768,6.4768,6.4768
6.488,6.488,6.488
6.4852,6.4852,6.4852
6.4902,6.4902,6.4902
6.4936,6.4936,6.4936
6.4936,6.4936,6.4936
6.5179,6.5179,6.5179
6.5197,6.5197,6.5197
6.5582,6.5582,6.5582
6.5931,6.5931,6.5931
6.5888,6.5888,6.5888
6.5816,6.5816,6.5816
6.5755,6.5755,6.5755
6.5761,6.5761,6.5761
6.5885,6.5885,6.5885
6.587,6.587,6.587
6.5793,6.5793,6.5793
6.5782,6.5782,6.5782
6.5795,6.5795,6.5795
6.5793,6.5793,6.5793
6.5794,6.5794,6.5794
6.5794,6.5794,6.5794
6.5798,6.5798,6.5798
6.5779,6.5779,6.5779
6.5759,6.5759,6.5759
6.5788,6.5788,6.5788
6.579,6.579,6.579
6.5797,6.5797,6.5797
6.5793,6.5793,6.5793
6.5778,6.5778,6.5778
6.5695,6.5695,6.5695
6.5695,6.5695,6.5695
6.5695,6.5695,6.5695
6.5695,6.5695,6.5695
6.5695,6.5695,6.5695
6.5695,6.5695,6.5695
6.4944,6.4944,6.4944
6.5138,6.5138,6.5138
6.526,6.526,6.526
6.5178,6.5178,6.5178
6.5201,6.5201,6.5201
6.5192,6.5192,6.5192
6.5265,6.5265,6.5265
6.533,6.533,6.533
6.5341,6.5341,6.5341
6.5371,6.5371,6.5371
6.5471,6.5471,6.5471
6.5472,6.5472,6.5472
6.5514,6.5514,6.5514
6.5431,6.5431,6.5431
6.5213,6.5213,6.5213
6.5151,6.5151,6.5151
6.5054,6.5054,6.5054
6.515,6.515,6.515
6.5159,6.5159,6.5159
6.499,6.499,6.499
6.4952,6.4952,6.4952
6.5105,6.5105,6.5105
6.521,6.521,6.521
6.4932,6.4932,6.4932
6.4726,6.4726,6.4726
6.4858,6.4858,6.4858
6.4927,6.4927,6.4927
6.4969,6.4969,6.4969
6.515,6.515,6.515
6.515,6.515,6.515
6.516,6.516,6.516
6.5115,6.5115,6.5115
6.4774,6.4774,6.4774
6.4676,6.4676,6.4676
6.4648,6.4648,6.4648
6.4648,6.4648,6.4648
6.4729,6.4729,6.4729
6.4819,6.4819,6.4819
6.4735,6.4735,6.4735
6.4753,6.4753,6.4753
6.4698,6.4698,6.4698
6.4596,6.4596,6.4596
6.4678,6.4678,6.4678
6.4875,6.4875,6.4875
6.4816,6.4816,6.4816
6.4803,6.4803,6.4803
6.4722,6.4722,6.4722
6.4693,6.4693,6.4693
6.4792,6.4792,6.4792
6.493,6.493,6.493
6.497,6.497,6.497
6.4928,6.4928,6.4928
6.4932,6.4932,6.4932
6.481,6.481,6.481
6.4845,6.4845,6.4845
6.4845,6.4845,6.4845
6.4743,6.4743,6.4743
6.5002,6.5002,6.5002
6.5058,6.5058,6.5058
6.5023,6.5023,6.5023
6.5073,6.5073,6.5073
6.515,6.515,6.515
6.512,6.512,6.512
6.5119,6.5119,6.5119
6.5204,6.5204,6.5204
6.5209,6.5209,6.5209
6.5227,6.5227,6.5227
6.5356,6.5356,6.5356
6.5444,6.5444,6.5444
6.5434,6.5434,6.5434
6.5519,6.5519,6.5519
6.556,6.556,6.556
6.5618,6.5618,6.5618
6.5612,6.5612,6.5612
6.5597,6.5597,6.5597
6.5825,6.5825,6.5825
6.585,6.585,6.585
6.5825,6.5825,6.5825
6.5794,6.5794,6.5794
6.5853,6.5853,6.5853
6.5649,6.5649,6.5649
6.572,6.572,6.572
6.5705,6.5705,6.5705
6.5705,6.5705,6.5705
6.5705,6.5705,6.5705
6.5863,6.5863,6.5863
6.5907,6.5907,6.5907
6.5877,6.5877,6.5877
6.584,6.584,6.584
6.591,6.591,6.591
6.5793,6.5793,6.5793
6.5788,6.5788,6.5788
6.5816,6.5816,6.5816
6.578,6.578,6.578
6.615,6.615,6.615
6.6391,6.6391,6.6391
6.6477,6.6477,6.6477
6.6465,6.6465,6.6465
6.6436,6.6436,6.6436
6.6585,6.6585,6.6585
6.6636,6.6636,6.6636
6.669,6.669,6.669
6.69,6.69,6.69
6.6834,6.6834,6.6834
6.6883,6.6883,6.6883
6.6878,6.6878,6.6878
6.685,6.685,6.685
6.6922,6.6922,6.6922
6.6877,6.6877,6.6877
6.6805,6.6805,6.6805
6.699,6.699,6.699
6.6899,6.6899,6.6899
6.678,6.678,6.678
6.6769,6.6769,6.6769
6.6707,6.6707,6.6707
6.6799,6.6799,6.6799
6.6762,6.6762,6.6762
6.6696,6.6696,6.6696
6.6576,6.6576,6.6576
6.655,6.655,6.655
6.6391,6.6391,6.6391
6.6394,6.6394,6.6394
6.6291,6.6291,6.6291
6.6382,6.6382,6.6382
6.6451,6.6451,6.6451
6.6623,6.6623,6.6623
6.6621,6.6621,6.6621
6.6429,6.6429,6.6429
6.6413,6.6413,6.6413
6.6446,6.6446,6.6446
6.6407,6.6407,6.6407
6.626,6.626,6.626
6.631,6.631,6.631
6.6322,6.6322,6.6322
6.6504,6.6504,6.6504
6.6566,6.6566,6.6566
6.6416,6.6416,6.6416
6.651,6.651,6.651
6.6535,6.6535,6.6535
6.6678,6.6678,6.6678
6.6798,6.6798,6.6798
6.6799,6.6799,6.6799
6.6783,6.6783,6.6783
6.6799,6.6799,6.6799
6.6801,6.6801,6.6801
6.6752,6.6752,6.6752
6.6803,6.6803,6.6803
6.6644,6.6644,6.6644
6.6639,6.6639,6.6639
6.6799,6.6799,6.6799
6.6799,6.6799,6.6799
6.6799,6.6799,6.6799
6.6712,6.6712,6.6712
6.6712,6.6712,6.6712
6.6712,6.6712,6.6712
6.6708,6.6708,6.6708
6.6714,6.6714,6.6714
6.6713,6.6713,6.6713
6.6697,6.6697,6.6697
6.67,6.67,6.67
6.6699,6.6699,6.6699
6.6682,6.6682,6.6682
6.6715,6.6715,6.6715
6.6692,6.6692,6.6692
6.67,6.67,6.67
6.67,6.67,6.67
6.67,6.67,6.67
6.67,6.67,6.67
6.67,6.67,6.67
6.67,6.67,6.67
6.7027,6.7027,6.7027
6.7149,6.7149,6.7149
6.7137,6.7137,6.7137
6.7299,6.7299,6.7299
6.7254,6.7254,6.7254
6.7394,6.7394,6.7394
6.7392,6.7392,6.7392
6.7393,6.7393,6.7393
6.7397,6.7397,6.7397
6.7597,6.7597,6.7597
6.7716,6.7716,6.7716
6.7778,6.7778,6.7778
6.7687,6.7687,6.7687
6.7779,6.7779,6.7779
6.7797,6.7797,6.7797
6.7708,6.7708,6.7708
6.7749,6.7749,6.7749
6.761,6.761,6.761
6.761,6.761,6.761
6.7591,6.7591,6.7591
6.7758,6.7758,6.7758
6.7796,6.7796,6.7796
6.773,6.773,6.773
6.7923,6.7923,6.7923
6.8156,6.8156,6.8156
6.8408,6.8408,6.8408
6.8522,6.8522,6.8522
6.8695,6.8695,6.8695
6.87,6.87,6.87
6.8912,6.8912,6.8912
6.8961,6.8961,6.8961
6.888,6.888,6.888
6.8928,6.8928,6.8928
6.9184,6.9184,6.9184
6.9151,6.9151,6.9151
6.9022,6.9022,6.9022
6.8914,6.8914,6.8914
6.887,6.887,6.887
6.8949,6.8949,6.8949
6.8826,6.8826,6.8826
6.886,6.886,6.886
6.8762,6.8762,6.8762
6.8863,6.8863,6.8863
6.8792,6.8792,6.8792
6.9005,6.9005,6.9005
6.9152,6.9152,6.9152
6.9015,6.9015,6.9015
6.9049,6.9049,6.9049
6.9356,6.9356,6.9356
6.9545,6.9545,6.9545
6.9452,6.9452,6.9452
6.9509,6.9509,6.9509
6.9513,6.9513,6.9513
6.9467,6.9467,6.9467
6.9496,6.9496,6.9496
6.9496,6.9496,6.9496
6.9497,6.9497,6.9497
6.9548,6.9548,6.9548
6.9545,6.9545,6.9545
6.9495,6.9495,6.9495
6.9495,6.9495,6.9495
6.9557,6.9557,6.9557
6.9485,6.9485,6.9485
6.8817,6.8817,6.8817
6.923,6.923,6.923
6.9348,6.9348,6.9348
6.924,6.924,6.924
6.9266,6.9266,6.9266
6.9018,6.9018,6.9018
6.8992,6.8992,6.8992
6.8976,6.8976,6.8976
6.8728,6.8728,6.8728
6.8342,6.8342,6.8342
6.8766,6.8766,6.8766
6.8755,6.8755,6.8755
6.8555,6.8555,6.8555
6.8575,6.8575,6.8575
6.8798,6.8798,6.8798
6.878,6.878,6.878
6.878,6.878,6.878
6.878,6.878,6.878
6.878,6.878,6.878
6.878,6.878,6.878
6.878,6.878,6.878
6.874,6.874,6.874
6.8643,6.8643,6.8643
6.8808,6.8808,6.8808
6.8788,6.8788,6.8788
6.8672,6.8672,6.8672
6.883,6.883,6.883
6.878,6.878,6.878
6.8674,6.8674,6.8674
6.8677,6.8677,6.8677
6.8586,6.8586,6.8586
6.8704,6.8704,6.8704
6.8782,6.8782,6.8782
6.8829,6.8829,6.8829
6.878,6.878,6.878
6.8774,6.8774,6.8774
6.8723,6.8723,6.8723
6.8714,6.8714,6.8714
6.8688,6.8688,6.8688
6.88,6.88,6.88
6.8827,6.8827,6.8827
6.8989,6.8989,6.8989
6.893,6.893,6.893
6.8983,6.8983,6.8983
6.907,6.907,6.907
6.91,6.91,6.91
6.9164,6.9164,6.9164
6.9092,6.9092,6.9092
6.9144,6.9144,6.9144
6.9115,6.9115,6.9115
6.8974,6.8974,6.8974
6.9085,6.9085,6.9085
6.9042,6.9042,6.9042
6.897,6.897,6.897
6.8869,6.8869,6.8869
6.8873,6.8873,6.8873
6.8882,6.8882,6.8882
6.8762,6.8762,6.8762
6.8861,6.8861,6.8861
6.89,6.89,6.89
6.8905,6.8905,6.8905
6.8918,6.8918,6.8918
6.8918,6.8918,6.8918
6.8918,6.8918,6.8918
6.8959,6.8959,6.8959
6.9002,6.9002,6.9002
6.8988,6.8988,6.8988
6.9051,6.9051,6.9051
6.903,6.903,6.903
6.8927,6.8927,6.8927
6.883,6.883,6.883
6.883,6.883,6.883
6.8874,6.8874,6.8874
6.8852,6.8852,6.8852
6.8869,6.8869,6.8869
6.8839,6.8839,6.8839
6.8831,6.8831,6.8831
6.8862,6.8862,6.8862
6.886,6.886,6.886
6.8908,6.8908,6.8908
6.8923,6.8923,6.8923
6.8974,6.8974,6.8974
6.8974,6.8974,6.8974
6.8967,6.8967,6.8967
6.8918,6.8918,6.8918
6.897,6.897,6.897
6.9,6.9,6.9
6.9033,6.9033,6.9033
6.9055,6.9055,6.9055
6.9036,6.9036,6.9036
6.9035,6.9035,6.9035
6.9029,6.9029,6.9029
6.8975,6.8975,6.8975
6.8897,6.8897,6.8897
6.891,6.891,6.891
6.8902,6.8902,6.8902
6.8926,6.8926,6.8926
6.8924,6.8924,6.8924
6.8897,6.8897,6.8897
6.8908,6.8908,6.8908
6.8682,6.8682,6.8682
6.861,6.861,6.861
6.861,6.861,6.861
6.861,6.861,6.861
6.821,6.821,6.821
6.8049,6.8049,6.8049
6.8162,6.8162,6.8162
6.801,6.801,6.801
6.7967,6.7967,6.7967
6.7944,6.7944,6.7944
6.7936,6.7936,6.7936
6.7992,6.7992,6.7992
6.7981,6.7981,6.7981
6.7981,6.7981,6.7981
6.7969,6.7969,6.7969
6.7975,6.7975,6.7975
6.8138,6.8138,6.8138
6.817,6.817,6.817
6.8263,6.8263,6.8263
6.8291,6.8291,6.8291
6.8309,6.8309,6.8309
6.8387,6.8387,6.8387
6.8381,6.8381,6.8381
6.8112,6.8112,6.8112
6.7996,6.7996,6.7996
6.7797,6.7797,6.7797
6.7795,6.7795,6.7795
6.7904,6.7904,6.7904
6.7999,6.7999,6.7999
6.7991,6.7991,6.7991
6.8033,6.8033,6.8033
6.7999,6.7999,6.7999
6.8017,6.8017,6.8017
6.8007,6.8007,6.8007
6.7875,6.7875,6.7875
6.7814,6.7814,6.7814
6.7841,6.7841,6.7841
6.7699,6.7699,6.7699
6.758,6.758,6.758
6.7555,6.7555,6.7555
6.7684,6.7684,6.7684
6.7679,6.7679,6.7679
6.7506,6.7506,6.7506
6.7511,6.7511,6.7511
6.7548,6.7548,6.7548
6.7376,6.7376,6.7376
6.7428,6.7428,6.7428
6.7289,6.7289,6.7289
6.7189,6.7189,6.7189
6.7222,6.7222,6.7222
6.7233,6.7233,6.7233
6.7179,6.7179,6.7179
6.7183,6.7183,6.7183
6.7038,6.7038,6.7038
6.6793,6.6793,6.6793
6.6601,6.6601,6.6601
6.6669,6.6669,6.6669
6.6687,6.6687,6.6687
6.6778,6.6778,6.6778
6.695,6.695,6.695
6.6728,6.6728,6.6728
6.6796,6.6796,6.6796
6.67,6.67,6.67
6.66,6.66,6.66
6.6636,6.6636,6.6636
6.6607,6.6607,6.6607
6.6645,6.6645,6.6645
6.6325,6.6325,6.6325
6.5975,6.5975,6.5975
6.5926,6.5926,6.5926
6.5969,6.5969,6.5969
6.5685,6.5685,6.5685
6.5204,6.5204,6.5204
6.5516,6.5516,6.5516
6.5246,6.5246,6.5246
6.5006,6.5006,6.5006
6.4645,6.4645,6.4645
6.5238,6.5238,6.5238
6.5329,6.5329,6.5329
6.5306,6.5306,6.5306
6.5551,6.5551,6.5551
6.5426,6.5426,6.5426
6.562,6.562,6.562
6.5861,6.5861,6.5861
6.5742,6.5742,6.5742
6.595,6.595,6.595
6.5937,6.5937,6.5937
6.6201,6.6201,6.6201
6.631,6.631,6.631
6.6349,6.6349,6.6349
6.6699,6.6699,6.6699
6.6428,6.6428,6.6428
6.6428,6.6428,6.6428
6.6428,6.6428,6.6428
6.6428,6.6428,6.6428
6.6428,6.6428,6.6428
6.6428,6.6428,6.6428
6.6285,6.6285,6.6285
6.5861,6.5861,6.5861
6.586,6.586,6.586
6.5891,6.5891,6.5891
6.5874,6.5874,6.5874
6.5917,6.5917,6.5917
6.616,6.616,6.616
6.6205,6.6205,6.6205
6.6279,6.6279,6.6279
6.6205,6.6205,6.6205
6.6388,6.6388,6.6388
6.6329,6.6329,6.6329
6.6403,6.6403,6.6403
6.635,6.635,6.635
6.6528,6.6528,6.6528
6.6476,6.6476,6.6476
6.6274,6.6274,6.6274
6.6156,6.6156,6.6156
6.6063,6.6063,6.6063
6.6295,6.6295,6.6295
6.6341,6.6341,6.6341
6.6317,6.6317,6.6317
6.635,6.635,6.635
6.6385,6.6385,6.6385
6.6396,6.6396,6.6396
6.6435,6.6435,6.6435
6.6429,6.6429,6.6429
6.6302,6.6302,6.6302
6.6327,6.6327,6.6327
6.6354,6.6354,6.6354
6.6301,6.6301,6.6301
6.634,6.634,6.634
6.6164,6.6164,6.6164
6.5823,6.5823,6.5823
6.6037,6.6037,6.6037
6.5979,6.5979,6.5979
6.5943,6.5943,6.5943
6.5979,6.5979,6.5979
6.6107,6.6107,6.6107
6.6077,6.6077,6.6077
6.6185,6.6185,6.6185
6.6127,6.6127,6.6127
6.6147,6.6147,6.6147
6.6154,6.6154,6.6154
6.6176,6.6176,6.6176
6.6173,6.6173,6.6173
6.6211,6.6211,6.6211
6.6203,6.6203,6.6203
6.6088,6.6088,6.6088
6.6082,6.6082,6.6082
6.6164,6.6164,6.6164
6.6073,6.6073,6.6073
6.58,6.58,6.58
6.5858,6.5858,6.5858
6.5694,6.5694,6.5694
6.5694,6.5694,6.5694
6.544,6.544,6.544
6.557,6.557,6.557
6.5353,6.5353,6.5353
6.512,6.512,6.512
6.512,6.512,6.512
6.4967,6.4967,6.4967
6.5025,6.5025,6.5025
6.4972,6.4972,6.4972
6.4851,6.4851,6.4851
6.4951,6.4951,6.4951
6.5211,6.5211,6.5211
6.5168,6.5168,6.5168
6.5085,6.5085,6.5085
6.468,6.468,6.468
6.442,6.442,6.442
6.436,6.436,6.436
6.432,6.432,6.432
6.4254,6.4254,6.4254
6.404,6.404,6.404
6.4035,6.4035,6.4035
6.405,6.405,6.405
6.3877,6.3877,6.3877
6.335,6.335,6.335
6.322,6.322,6.322
6.3263,6.3263,6.3263
6.3429,6.3429,6.3429
6.2912,6.2912,6.2912
6.2958,6.2958,6.2958
6.2793,6.2793,6.2793
6.2933,6.2933,6.2933
6.2771,6.2771,6.2771
6.2595,6.2595,6.2595
6.326,6.326,6.326
6.3001,6.3001,6.3001
6.329,6.329,6.329
6.3433,6.3433,6.3433
6.3441,6.3441,6.3441
6.3441,6.3441,6.3441
6.3441,6.3441,6.3441
6.3441,6.3441,6.3441
6.3441,6.3441,6.3441
6.3441,6.3441,6.3441
6.3605,6.3605,6.3605
6.3372,6.3372,6.3372
6.3077,6.3077,6.3077
6.3072,6.3072,6.3072
6.332,6.332,6.332
6.343,6.343,6.343
6.3466,6.3466,6.3466
6.341,6.341,6.341
6.3405,6.3405,6.3405
6.3228,6.3228,6.3228
6.3321,6.3321,6.3321
6.337,6.337,6.337
6.3237,6.3237,6.3237
6.3286,6.3286,6.3286
6.3159,6.3159,6.3159
6.3217,6.3217,6.3217
6.3246,6.3246,6.3246
6.3323,6.3323,6.3323
6.3301,6.3301,6.3301
6.3312,6.3312,6.3312
6.3216,6.3216,6.3216
6.324,6.324,6.324
6.287,6.287,6.287
6.2734,6.2734,6.2734
6.2887,6.2887,6.2887
6.2917,6.2917,6.2917
6.2917,6.2917,6.2917
6.2803,6.2803,6.2803
6.2846,6.2846,6.2846
6.2999,6.2999,6.2999
6.2999,6.2999,6.2999
6.2999,6.2999,6.2999
6.3109,6.3109,6.3109
6.2962,6.2962,6.2962
6.2853,6.2853,6.2853
6.2814,6.2814,6.2814
6.2809,6.2809,6.2809
6.2817,6.2817,6.2817
6.2769,6.2769,6.2769
6.2854,6.2854,6.2854
6.2782,6.2782,6.2782
6.2891,6.2891,6.2891
6.3041,6.3041,6.3041
6.3097,6.3097,6.3097
6.3204,6.3204,6.3204
6.3302,6.3302,6.3302
6.3449,6.3449,6.3449
6.3449,6.3449,6.3449
6.3449,6.3449,6.3449
6.3603,6.3603,6.3603
6.3538,6.3538,6.3538
6.3589,6.3589,6.3589
6.3649,6.3649,6.3649
6.368,6.368,6.368
6.3783,6.3783,6.3783
6.3633,6.3633,6.3633
6.3345,6.3345,6.3345
6.3367,6.3367,6.3367
6.3544,6.3544,6.3544
6.3685,6.3685,6.3685
6.3671,6.3671,6.3671
6.3751,6.3751,6.3751
6.3888,6.3888,6.3888
6.3701,6.3701,6.3701
6.3854,6.3854,6.3854
6.3843,6.3843,6.3843
6.3892,6.3892,6.3892
6.3937,6.3937,6.3937
6.4184,6.4184,6.4184
6.4247,6.4247,6.4247
6.401,6.401,6.401
6.4168,6.4168,6.4168
6.4123,6.4123,6.4123
6.4013,6.4013,6.4013
6.3956,6.3956,6.3956
6.3944,6.3944,6.3944
6.41,6.41,6.41
6.4016,6.4016,6.4016
6.4032,6.4032,6.4032
6.4053,6.4053,6.4053
6.3923,6.3923,6.3923
6.4165,6.4165,6.4165
6.4165,6.4165,6.4165
6.4736,6.4736,6.4736
6.4705,6.4705,6.4705
6.497,6.497,6.497
6.4952,6.4952,6.4952
6.5249,6.5249,6.5249
6.5567,6.5567,6.5567
6.595,6.595,6.595
6.6265,6.6265,6.6265
6.6253,6.6253,6.6253
6.6534,6.6534,6.6534
6.6662,6.6662,6.6662
6.6205,6.6205,6.6205
6.6344,6.6344,6.6344
6.6475,6.6475,6.6475
6.6168,6.6168,6.6168
6.622,6.622,6.622
6.6665,6.6665,6.6665
6.667,6.667,6.667
6.6906,6.6906,6.6906
6.6842,6.6842,6.6842
6.6796,6.6796,6.6796
6.7145,6.7145,6.7145
6.7719,6.7719,6.7719
6.7798,6.7798,6.7798
6.7798,6.7798,6.7798
